filename,split
231870.csv,train
204220.csv,train
230031.csv,train
204585.csv,train
221942.csv,train
231068.csv,train
129160.csv,train
237700.csv,train
218754.csv,train
248130.csv,train
262098.csv,train
258949.csv,train
264340.csv,train
236704.csv,train
206240.csv,train
237208.csv,train
204781.csv,train
212722.csv,train
244782.csv,train
245140.csv,train
222087.csv,train
209923.csv,train
183055.csv,train
209378.csv,train
244445.csv,train
250983.csv,train
210650.csv,train
233281.csv,train
192969.csv,train
257008.csv,train
241827.csv,train
207958.csv,train
240511.csv,train
168907.csv,train
256420.csv,train
236865.csv,train
215064.csv,train
232797.csv,train
141939.csv,train
127186.csv,train
233234.csv,train
218805.csv,train
220163.csv,train
224987.csv,train
134118.csv,train
182982.csv,train
260033.csv,train
221218.csv,train
246830.csv,train
213896.csv,train
246880.csv,train
151035.csv,train
202411.csv,train
192844.csv,train
194716.csv,train
245536.csv,train
259239.csv,train
166283.csv,train
250010.csv,train
149713.csv,train
235507.csv,train
242265.csv,train
134828.csv,train
214606.csv,train
171959.csv,train
222102.csv,train
249092.csv,train
139503.csv,train
181775.csv,train
259641.csv,train
236178.csv,train
258705.csv,train
254598.csv,train
210620.csv,train
264375.csv,train
219368.csv,train
245223.csv,train
257763.csv,train
243853.csv,train
121855.csv,train
152329.csv,train
244254.csv,train
218377.csv,train
155578.csv,train
174437.csv,train
146545.csv,train
224036.csv,train
119150.csv,train
245450.csv,train
244070.csv,train
232498.csv,train
264569.csv,train
264998.csv,train
243499.csv,train
213911.csv,train
229921.csv,train
220793.csv,train
240607.csv,train
257260.csv,train
232770.csv,train
152498.csv,train
202687.csv,train
152973.csv,train
227824.csv,train
184289.csv,train
263912.csv,train
255068.csv,train
264594.csv,train
240128.csv,train
242995.csv,train
231842.csv,train
236019.csv,train
256835.csv,train
147493.csv,train
263297.csv,train
160528.csv,train
235558.csv,train
218716.csv,train
151684.csv,train
230476.csv,train
215133.csv,train
257247.csv,train
244146.csv,train
255998.csv,train
240185.csv,train
205077.csv,train
156642.csv,train
252319.csv,train
229997.csv,train
151463.csv,train
252551.csv,train
210236.csv,train
238536.csv,train
184993.csv,train
171159.csv,train
154543.csv,train
138202.csv,train
149854.csv,train
251308.csv,train
212161.csv,train
186577.csv,train
251985.csv,train
251468.csv,train
190427.csv,train
202922.csv,train
189803.csv,train
132524.csv,train
211623.csv,train
250844.csv,train
190532.csv,train
200727.csv,train
162062.csv,train
245617.csv,train
238268.csv,train
240109.csv,train
203853.csv,train
242974.csv,train
234164.csv,train
168146.csv,train
263874.csv,train
244319.csv,train
221485.csv,train
155066.csv,train
123393.csv,train
172984.csv,train
253466.csv,train
180061.csv,train
190227.csv,train
205813.csv,train
214333.csv,train
250404.csv,train
235112.csv,train
186341.csv,train
224345.csv,train
131004.csv,train
230621.csv,train
250385.csv,train
192473.csv,train
259143.csv,train
163724.csv,train
142679.csv,train
206362.csv,train
207482.csv,train
169383.csv,train
239749.csv,train
250672.csv,train
200975.csv,train
176456.csv,train
259380.csv,train
148775.csv,train
206517.csv,train
211908.csv,train
257495.csv,train
255236.csv,train
209627.csv,train
200384.csv,train
130221.csv,train
200842.csv,train
151114.csv,train
251068.csv,train
164179.csv,train
259930.csv,train
126542.csv,train
93870.csv,train
230121.csv,train
243824.csv,train
208584.csv,train
198740.csv,train
205857.csv,train
230052.csv,train
261375.csv,train
240740.csv,train
124560.csv,train
173207.csv,train
211077.csv,train
194247.csv,train
257001.csv,train
228383.csv,train
247641.csv,train
256267.csv,train
233644.csv,train
262244.csv,train
181733.csv,train
210260.csv,train
228814.csv,train
201186.csv,train
205581.csv,train
157999.csv,train
152822.csv,train
243685.csv,train
199578.csv,train
257045.csv,train
257040.csv,train
225562.csv,train
212216.csv,train
132519.csv,train
256730.csv,train
244962.csv,train
140384.csv,train
222919.csv,train
230367.csv,train
223827.csv,train
256399.csv,train
242786.csv,train
208812.csv,train
254423.csv,train
245840.csv,train
254294.csv,train
240530.csv,train
162603.csv,train
221342.csv,train
262746.csv,train
155555.csv,train
235433.csv,train
241981.csv,train
263890.csv,train
177760.csv,train
194830.csv,train
211448.csv,train
208918.csv,train
116990.csv,train
210162.csv,train
248122.csv,train
248144.csv,train
263483.csv,train
136320.csv,train
213621.csv,train
224772.csv,train
120380.csv,train
142214.csv,train
244854.csv,train
202986.csv,train
233469.csv,train
183226.csv,train
253912.csv,train
236851.csv,train
243182.csv,train
224206.csv,train
115122.csv,train
244824.csv,train
193641.csv,train
241212.csv,train
185423.csv,train
230426.csv,train
205558.csv,train
189241.csv,train
193653.csv,train
134198.csv,train
178844.csv,train
257955.csv,train
230441.csv,train
120711.csv,train
220014.csv,train
260374.csv,train
177628.csv,train
208138.csv,train
104429.csv,train
240557.csv,train
243206.csv,train
254183.csv,train
224608.csv,train
187946.csv,train
192276.csv,train
242457.csv,train
185091.csv,train
263677.csv,train
263600.csv,train
246582.csv,train
176524.csv,train
197839.csv,train
250011.csv,train
263564.csv,train
222389.csv,train
238835.csv,train
163858.csv,train
219086.csv,train
140231.csv,train
214165.csv,train
200734.csv,train
214815.csv,train
259811.csv,train
223645.csv,train
184454.csv,train
241686.csv,train
238797.csv,train
182325.csv,train
107876.csv,train
251811.csv,train
245589.csv,train
111704.csv,train
248888.csv,train
142027.csv,train
252218.csv,train
210145.csv,train
245693.csv,train
122528.csv,train
260505.csv,train
251860.csv,train
245473.csv,train
160587.csv,train
144002.csv,train
140143.csv,train
166979.csv,train
194359.csv,train
261170.csv,train
261708.csv,train
168446.csv,train
229126.csv,train
233697.csv,train
219660.csv,train
219405.csv,train
226063.csv,train
234049.csv,train
240274.csv,train
250039.csv,train
249411.csv,train
166891.csv,train
210618.csv,train
241509.csv,train
160720.csv,train
264326.csv,train
255886.csv,train
212386.csv,train
245752.csv,train
190712.csv,train
225303.csv,train
122536.csv,train
203781.csv,train
175683.csv,train
204654.csv,train
194295.csv,train
244915.csv,train
106066.csv,train
233101.csv,train
203664.csv,train
242534.csv,train
172678.csv,train
217525.csv,train
223571.csv,train
255069.csv,train
261797.csv,train
216565.csv,train
210780.csv,train
246471.csv,train
211532.csv,train
147115.csv,train
242651.csv,train
246130.csv,train
202745.csv,train
243014.csv,train
194692.csv,train
243939.csv,train
147618.csv,train
162303.csv,train
158191.csv,train
238022.csv,train
225716.csv,train
202675.csv,train
135051.csv,train
232795.csv,train
246202.csv,train
143192.csv,train
152497.csv,train
238440.csv,train
259273.csv,train
195656.csv,train
231194.csv,train
135134.csv,train
203740.csv,train
230250.csv,train
99393.csv,train
261456.csv,train
240460.csv,train
218937.csv,train
254369.csv,train
258355.csv,train
251082.csv,train
200822.csv,train
249498.csv,train
109499.csv,train
198180.csv,train
255297.csv,train
205194.csv,train
185950.csv,train
256094.csv,train
129444.csv,train
255742.csv,train
242370.csv,train
228069.csv,train
258824.csv,train
250976.csv,train
179406.csv,train
202595.csv,train
256411.csv,train
240743.csv,train
149373.csv,train
246822.csv,train
248377.csv,train
145194.csv,train
235093.csv,train
137428.csv,train
260970.csv,train
221580.csv,train
257370.csv,train
171386.csv,train
176852.csv,train
133124.csv,train
263415.csv,train
226322.csv,train
226997.csv,train
209333.csv,train
221548.csv,train
130340.csv,train
177382.csv,train
237840.csv,train
143254.csv,train
229058.csv,train
257813.csv,train
260295.csv,train
260381.csv,train
249040.csv,train
248223.csv,train
206226.csv,train
223172.csv,train
175744.csv,train
252783.csv,train
258074.csv,train
256456.csv,train
221760.csv,train
164943.csv,train
178264.csv,train
216632.csv,train
221207.csv,train
248864.csv,train
113680.csv,train
257585.csv,train
198425.csv,train
239156.csv,train
253492.csv,train
240098.csv,train
255320.csv,train
160753.csv,train
157537.csv,train
259953.csv,train
240957.csv,train
213872.csv,train
228438.csv,train
224922.csv,train
237509.csv,train
242640.csv,train
220894.csv,train
212868.csv,train
137999.csv,train
257416.csv,train
141717.csv,train
232546.csv,train
247921.csv,train
254386.csv,train
190565.csv,train
160716.csv,train
229898.csv,train
228640.csv,train
205906.csv,train
204952.csv,train
216316.csv,train
261607.csv,train
176112.csv,train
252546.csv,train
187244.csv,train
249942.csv,train
184950.csv,train
217292.csv,train
172653.csv,train
233477.csv,train
255345.csv,train
139907.csv,train
228198.csv,train
250868.csv,train
221281.csv,train
178537.csv,train
183016.csv,train
216604.csv,train
134974.csv,train
122511.csv,train
252503.csv,train
209137.csv,train
140741.csv,train
152281.csv,train
211054.csv,train
214203.csv,train
157354.csv,train
141696.csv,train
209009.csv,train
227427.csv,train
139020.csv,train
247812.csv,train
102038.csv,train
205187.csv,train
255360.csv,train
153282.csv,train
232295.csv,train
171276.csv,train
209543.csv,train
214699.csv,train
185711.csv,train
227967.csv,train
214098.csv,train
230351.csv,train
161520.csv,train
202077.csv,train
228009.csv,train
220094.csv,train
245323.csv,train
233347.csv,train
236561.csv,train
113456.csv,train
256592.csv,train
238716.csv,train
128081.csv,train
132898.csv,train
129282.csv,train
217838.csv,train
254127.csv,train
105533.csv,train
195592.csv,train
136334.csv,train
236696.csv,train
208939.csv,train
204920.csv,train
145058.csv,train
175953.csv,train
246454.csv,train
95576.csv,train
216337.csv,train
135197.csv,train
168218.csv,train
251752.csv,train
137205.csv,train
246705.csv,train
261705.csv,train
251996.csv,train
185116.csv,train
185046.csv,train
193331.csv,train
258695.csv,train
233031.csv,train
226965.csv,train
138428.csv,train
247485.csv,train
182854.csv,train
261163.csv,train
243326.csv,train
224378.csv,train
164933.csv,train
198687.csv,train
241918.csv,train
257294.csv,train
222219.csv,train
263975.csv,train
247769.csv,train
244920.csv,train
253796.csv,train
202730.csv,train
235687.csv,train
243279.csv,train
248652.csv,train
260357.csv,train
203217.csv,train
220373.csv,train
218734.csv,train
156403.csv,train
252790.csv,train
194379.csv,train
185650.csv,train
202097.csv,train
143541.csv,train
106373.csv,train
230363.csv,train
246799.csv,train
239936.csv,train
265158.csv,train
131909.csv,train
237218.csv,train
243151.csv,train
187379.csv,train
213099.csv,train
242752.csv,train
231798.csv,train
144782.csv,train
256644.csv,train
235336.csv,train
228506.csv,train
218254.csv,train
172322.csv,train
249262.csv,train
243038.csv,train
204990.csv,train
229322.csv,train
147683.csv,train
217317.csv,train
150769.csv,train
209817.csv,train
189874.csv,train
104401.csv,train
209668.csv,train
205407.csv,train
262950.csv,train
235067.csv,train
185242.csv,train
256801.csv,train
211982.csv,train
127335.csv,train
147518.csv,train
157792.csv,train
196540.csv,train
155141.csv,train
193212.csv,train
241152.csv,train
223376.csv,train
263584.csv,train
260485.csv,train
185210.csv,train
141734.csv,train
203995.csv,train
229273.csv,train
131414.csv,train
239489.csv,train
237898.csv,train
122004.csv,train
254827.csv,train
212682.csv,train
228528.csv,train
154417.csv,train
135678.csv,train
133986.csv,train
221482.csv,train
226778.csv,train
170864.csv,train
232275.csv,train
236170.csv,train
261505.csv,train
215207.csv,train
240371.csv,train
143441.csv,train
200325.csv,train
200551.csv,train
250822.csv,train
209258.csv,train
255441.csv,train
249502.csv,train
241747.csv,train
231451.csv,train
149908.csv,train
205217.csv,train
224485.csv,train
199985.csv,train
260733.csv,train
202883.csv,train
262008.csv,train
195644.csv,train
239715.csv,train
246416.csv,train
229460.csv,train
232332.csv,train
263384.csv,train
194026.csv,train
215670.csv,train
144655.csv,train
247559.csv,train
261873.csv,train
196345.csv,train
157865.csv,train
256247.csv,train
200744.csv,train
223940.csv,train
210366.csv,train
158973.csv,train
253117.csv,train
156350.csv,train
147622.csv,train
187448.csv,train
180842.csv,train
251854.csv,train
250195.csv,train
245593.csv,train
224581.csv,train
214527.csv,train
237337.csv,train
120693.csv,train
155767.csv,train
255525.csv,train
233966.csv,train
180211.csv,train
265975.csv,train
242361.csv,train
188983.csv,train
221187.csv,train
165307.csv,train
242552.csv,train
170069.csv,train
210768.csv,train
244843.csv,train
234838.csv,train
204420.csv,train
128285.csv,train
251291.csv,train
174363.csv,train
245892.csv,train
173049.csv,train
210603.csv,train
250216.csv,train
217253.csv,train
207890.csv,train
204018.csv,train
129118.csv,train
230669.csv,train
242553.csv,train
218104.csv,train
218561.csv,train
251121.csv,train
205255.csv,train
260631.csv,train
157391.csv,train
247457.csv,train
171705.csv,train
241153.csv,train
133731.csv,train
226602.csv,train
262813.csv,train
175897.csv,train
159198.csv,train
256209.csv,train
241764.csv,train
178809.csv,train
163494.csv,train
246347.csv,train
129260.csv,train
231439.csv,train
229738.csv,train
208284.csv,train
207228.csv,train
177105.csv,train
242266.csv,train
215334.csv,train
252070.csv,train
235582.csv,train
136038.csv,train
228105.csv,train
249096.csv,train
224231.csv,train
259842.csv,train
216309.csv,train
219358.csv,train
172404.csv,train
145053.csv,train
242301.csv,train
208364.csv,train
130904.csv,train
182281.csv,train
247889.csv,train
252239.csv,train
251142.csv,train
243007.csv,train
196534.csv,train
238502.csv,train
118308.csv,train
232966.csv,train
220028.csv,train
220972.csv,train
135175.csv,train
260345.csv,train
194562.csv,train
259835.csv,train
193153.csv,train
150310.csv,train
263905.csv,train
241612.csv,train
197030.csv,train
163507.csv,train
220813.csv,train
174761.csv,train
237238.csv,train
189265.csv,train
248148.csv,train
120392.csv,train
231925.csv,train
230901.csv,train
198030.csv,train
254302.csv,train
231571.csv,train
122027.csv,train
259087.csv,train
245401.csv,train
261222.csv,train
187012.csv,train
134480.csv,train
177263.csv,train
241847.csv,train
196713.csv,train
193829.csv,train
235714.csv,train
174698.csv,train
211317.csv,train
133193.csv,train
212342.csv,train
207225.csv,train
247155.csv,train
174911.csv,train
252458.csv,train
224156.csv,train
247984.csv,train
190132.csv,train
260212.csv,train
214396.csv,train
200574.csv,train
174934.csv,train
257344.csv,train
228419.csv,train
242224.csv,train
151260.csv,train
232496.csv,train
226261.csv,train
221494.csv,train
193154.csv,train
230722.csv,train
241489.csv,train
225041.csv,train
143787.csv,train
190286.csv,train
242734.csv,train
175439.csv,train
261681.csv,train
246075.csv,train
237188.csv,train
208759.csv,train
208320.csv,train
189286.csv,train
130241.csv,train
190488.csv,train
185718.csv,train
164934.csv,train
246748.csv,train
184610.csv,train
123764.csv,train
204148.csv,train
214330.csv,train
229866.csv,train
208849.csv,train
261583.csv,train
217565.csv,train
145306.csv,train
224482.csv,train
217238.csv,train
258167.csv,train
260929.csv,train
150799.csv,train
144708.csv,train
198457.csv,train
259824.csv,train
253387.csv,train
229042.csv,train
215991.csv,train
242821.csv,train
194330.csv,train
263496.csv,train
229400.csv,train
243734.csv,train
193262.csv,train
259179.csv,train
197197.csv,train
131939.csv,train
257909.csv,train
262879.csv,train
183271.csv,train
217856.csv,train
129109.csv,train
188742.csv,train
151736.csv,train
200702.csv,train
219049.csv,train
251377.csv,train
150584.csv,train
186518.csv,train
230486.csv,train
196766.csv,train
236588.csv,train
223023.csv,train
263218.csv,train
215866.csv,train
104118.csv,train
231257.csv,train
220217.csv,train
239119.csv,train
218274.csv,train
257159.csv,train
191528.csv,train
203721.csv,train
182488.csv,train
173968.csv,train
208996.csv,train
227600.csv,train
223866.csv,train
222498.csv,train
240733.csv,train
262385.csv,train
215843.csv,train
106597.csv,train
262096.csv,train
185940.csv,train
249410.csv,train
232004.csv,train
253577.csv,train
257914.csv,train
245777.csv,train
94339.csv,train
134547.csv,train
167788.csv,train
245500.csv,train
157272.csv,train
232108.csv,train
247677.csv,train
206483.csv,train
240824.csv,train
244821.csv,train
237324.csv,train
206789.csv,train
177588.csv,train
209830.csv,train
262128.csv,train
264096.csv,train
261790.csv,train
244925.csv,train
211580.csv,train
140189.csv,train
227486.csv,train
228339.csv,train
205797.csv,train
140760.csv,train
265719.csv,train
264681.csv,train
188701.csv,train
177717.csv,train
229388.csv,train
177674.csv,train
154906.csv,train
169456.csv,train
241958.csv,train
225026.csv,train
200694.csv,train
132649.csv,train
204829.csv,train
230564.csv,train
208448.csv,train
250809.csv,train
251201.csv,train
244648.csv,train
262160.csv,train
188506.csv,train
190803.csv,train
174502.csv,train
244684.csv,train
240308.csv,train
174266.csv,train
178024.csv,train
211472.csv,train
243468.csv,train
209165.csv,train
235131.csv,train
232965.csv,train
204751.csv,train
264749.csv,train
128249.csv,train
151205.csv,train
250327.csv,train
205393.csv,train
143866.csv,train
222606.csv,train
147030.csv,train
257104.csv,train
223355.csv,train
265758.csv,train
164515.csv,train
195038.csv,train
223069.csv,train
234934.csv,train
260937.csv,train
261049.csv,train
157901.csv,train
263359.csv,train
249707.csv,train
175212.csv,train
210802.csv,train
263720.csv,train
249661.csv,train
204124.csv,train
176095.csv,train
249152.csv,train
255028.csv,train
184343.csv,train
158286.csv,train
221588.csv,train
133024.csv,train
201657.csv,train
191081.csv,train
170183.csv,train
208765.csv,train
254378.csv,train
182953.csv,train
119068.csv,train
164771.csv,train
192837.csv,train
139802.csv,train
254676.csv,train
250181.csv,train
187685.csv,train
244203.csv,train
153972.csv,train
247085.csv,train
104725.csv,train
204756.csv,train
228964.csv,train
246914.csv,train
239137.csv,train
202239.csv,train
185508.csv,train
206094.csv,train
246030.csv,train
185972.csv,train
209904.csv,train
151294.csv,train
132067.csv,train
185865.csv,train
254560.csv,train
260798.csv,train
199068.csv,train
243250.csv,train
113846.csv,train
199891.csv,train
219899.csv,train
236071.csv,train
182712.csv,train
150023.csv,train
263588.csv,train
188297.csv,train
233002.csv,train
256946.csv,train
196266.csv,train
249015.csv,train
221575.csv,train
239824.csv,train
244478.csv,train
221759.csv,train
194382.csv,train
156477.csv,train
162725.csv,train
238488.csv,train
188540.csv,train
228720.csv,train
219857.csv,train
255731.csv,train
230443.csv,train
224483.csv,train
219711.csv,train
217430.csv,train
208701.csv,train
227952.csv,train
248634.csv,train
163735.csv,train
222070.csv,train
259945.csv,train
217187.csv,train
251900.csv,train
227743.csv,train
148557.csv,train
185354.csv,train
131093.csv,train
258591.csv,train
221004.csv,train
241848.csv,train
248018.csv,train
215150.csv,train
248966.csv,train
255433.csv,train
255803.csv,train
229198.csv,train
224094.csv,train
207030.csv,train
138284.csv,train
254859.csv,train
242359.csv,train
131039.csv,train
240986.csv,train
240895.csv,train
178921.csv,train
183225.csv,train
247070.csv,train
196515.csv,train
184240.csv,train
228536.csv,train
223352.csv,train
253956.csv,train
256861.csv,train
134371.csv,train
188554.csv,train
205665.csv,train
207294.csv,train
262130.csv,train
113106.csv,train
142791.csv,train
232905.csv,train
229166.csv,train
229673.csv,train
231510.csv,train
159733.csv,train
198005.csv,train
260209.csv,train
251113.csv,train
248806.csv,train
245905.csv,train
162826.csv,train
264722.csv,train
221378.csv,train
250306.csv,train
234622.csv,train
204551.csv,train
137015.csv,train
135027.csv,train
234577.csv,train
224943.csv,train
174557.csv,train
242119.csv,train
199551.csv,train
184859.csv,train
130823.csv,train
218976.csv,train
204302.csv,train
154628.csv,train
232756.csv,train
219439.csv,train
241210.csv,train
214055.csv,train
215164.csv,train
263662.csv,train
129012.csv,train
218592.csv,train
154999.csv,train
240139.csv,train
225310.csv,train
241782.csv,train
190335.csv,train
241974.csv,train
190825.csv,train
203089.csv,train
203122.csv,train
254539.csv,train
251198.csv,train
228522.csv,train
200059.csv,train
206739.csv,train
133875.csv,train
167050.csv,train
108963.csv,train
182074.csv,train
195222.csv,train
185462.csv,train
243040.csv,train
121002.csv,train
237081.csv,train
252329.csv,train
149964.csv,train
228586.csv,train
245816.csv,train
212925.csv,train
258243.csv,train
193772.csv,train
253335.csv,train
249416.csv,train
217048.csv,train
214184.csv,train
129844.csv,train
242077.csv,train
231050.csv,train
252371.csv,train
234364.csv,train
249495.csv,train
257709.csv,train
215867.csv,train
175942.csv,train
236498.csv,train
186103.csv,train
197847.csv,train
184706.csv,train
174128.csv,train
179956.csv,train
131066.csv,train
208508.csv,train
134709.csv,train
172315.csv,train
228650.csv,train
203470.csv,train
132914.csv,train
157258.csv,train
229561.csv,train
207016.csv,train
201223.csv,train
228965.csv,train
229756.csv,train
104462.csv,train
217676.csv,train
229373.csv,train
213365.csv,train
107047.csv,train
251344.csv,train
264458.csv,train
230470.csv,train
246440.csv,train
150917.csv,train
132031.csv,train
245275.csv,train
186725.csv,train
202128.csv,train
240481.csv,train
232518.csv,train
173579.csv,train
244595.csv,train
204564.csv,train
149611.csv,train
231773.csv,train
245114.csv,train
193985.csv,train
235499.csv,train
229018.csv,train
259620.csv,train
214395.csv,train
197709.csv,train
202355.csv,train
185800.csv,train
168229.csv,train
158793.csv,train
245725.csv,train
206170.csv,train
227037.csv,train
252601.csv,train
257218.csv,train
186221.csv,train
157793.csv,train
266027.csv,train
191635.csv,train
247461.csv,train
223771.csv,train
188498.csv,train
207518.csv,train
189721.csv,train
251374.csv,train
231020.csv,train
235223.csv,train
178875.csv,train
236340.csv,train
228397.csv,train
250185.csv,train
250870.csv,train
212434.csv,train
159539.csv,train
233228.csv,train
222811.csv,train
200652.csv,train
247186.csv,train
197340.csv,train
237174.csv,train
247357.csv,train
230876.csv,train
163145.csv,train
246882.csv,train
261470.csv,train
220144.csv,train
187665.csv,train
198841.csv,train
136523.csv,train
228218.csv,train
221131.csv,train
248726.csv,train
171501.csv,train
114823.csv,train
157768.csv,train
249567.csv,train
203515.csv,train
248245.csv,train
228782.csv,train
217703.csv,train
210624.csv,train
116073.csv,train
128387.csv,train
203361.csv,train
170372.csv,train
204169.csv,train
227011.csv,train
257204.csv,train
246305.csv,train
224542.csv,train
248439.csv,train
216124.csv,train
151660.csv,train
210052.csv,train
207470.csv,train
229875.csv,train
197167.csv,train
150745.csv,train
210080.csv,train
223278.csv,train
212308.csv,train
209887.csv,train
253997.csv,train
236510.csv,train
198469.csv,train
211645.csv,train
224641.csv,train
262703.csv,train
129772.csv,train
188052.csv,train
160428.csv,train
194145.csv,train
248835.csv,train
245878.csv,train
219771.csv,train
138691.csv,train
252333.csv,train
209851.csv,train
211827.csv,train
264863.csv,train
265624.csv,train
236635.csv,train
200656.csv,train
231629.csv,train
172579.csv,train
204763.csv,train
238572.csv,train
260133.csv,train
230535.csv,train
260279.csv,train
205549.csv,train
254802.csv,train
210779.csv,train
202398.csv,train
105617.csv,train
228585.csv,train
261211.csv,train
216560.csv,train
247564.csv,train
160386.csv,train
216668.csv,train
126217.csv,train
229919.csv,train
247514.csv,train
247078.csv,train
221380.csv,train
246617.csv,train
253819.csv,train
132242.csv,train
192829.csv,train
246034.csv,train
253080.csv,train
251825.csv,train
185735.csv,train
249643.csv,train
228225.csv,train
173009.csv,train
138065.csv,train
99172.csv,train
216617.csv,train
230378.csv,train
259278.csv,train
235519.csv,train
187583.csv,train
218193.csv,train
226528.csv,train
240852.csv,train
223761.csv,train
200573.csv,train
192282.csv,train
221124.csv,train
222730.csv,train
212320.csv,train
197947.csv,train
260756.csv,train
204275.csv,train
228435.csv,train
216379.csv,train
252843.csv,train
208901.csv,train
221996.csv,train
256503.csv,train
104583.csv,train
206706.csv,train
227294.csv,train
117091.csv,train
202241.csv,train
176227.csv,train
236935.csv,train
145298.csv,train
239888.csv,train
112929.csv,train
248292.csv,train
243525.csv,train
143931.csv,train
258988.csv,train
237621.csv,train
232845.csv,train
235554.csv,train
263867.csv,train
237507.csv,train
223505.csv,train
199433.csv,train
177269.csv,train
252419.csv,train
237074.csv,train
203352.csv,train
225678.csv,train
233939.csv,train
212531.csv,train
240735.csv,train
124097.csv,train
203083.csv,train
211165.csv,train
245646.csv,train
200255.csv,train
205333.csv,train
227044.csv,train
140019.csv,train
214672.csv,train
246849.csv,train
176225.csv,train
185716.csv,train
221029.csv,train
207234.csv,train
243852.csv,train
154746.csv,train
256457.csv,train
237813.csv,train
244618.csv,train
150283.csv,train
149261.csv,train
261093.csv,train
98273.csv,train
235422.csv,train
258789.csv,train
196661.csv,train
242512.csv,train
120759.csv,train
177836.csv,train
166542.csv,train
231815.csv,train
115026.csv,train
259562.csv,train
189291.csv,train
228872.csv,train
249631.csv,train
223618.csv,train
227752.csv,train
177064.csv,train
150833.csv,train
194676.csv,train
177209.csv,train
211158.csv,train
221190.csv,train
120341.csv,train
260837.csv,train
201709.csv,train
242744.csv,train
245252.csv,train
228843.csv,train
225835.csv,train
259435.csv,train
249309.csv,train
242788.csv,train
257586.csv,train
237516.csv,train
262538.csv,train
263980.csv,train
228537.csv,train
241659.csv,train
228762.csv,train
152489.csv,train
192352.csv,train
256323.csv,train
183117.csv,train
206295.csv,train
251260.csv,train
184708.csv,train
252409.csv,train
163073.csv,train
242091.csv,train
225158.csv,train
197740.csv,train
229699.csv,train
208962.csv,train
133370.csv,train
228429.csv,train
224418.csv,train
217009.csv,train
252922.csv,train
231657.csv,train
265787.csv,train
264514.csv,train
155762.csv,train
238696.csv,train
259408.csv,train
232359.csv,train
115083.csv,train
223072.csv,train
242032.csv,train
175603.csv,train
139457.csv,train
258460.csv,train
240584.csv,train
185746.csv,train
214259.csv,train
134315.csv,train
152264.csv,train
241866.csv,train
183063.csv,train
246897.csv,train
220641.csv,train
193767.csv,train
262890.csv,train
160881.csv,train
240721.csv,train
261189.csv,train
150945.csv,train
142666.csv,train
240067.csv,train
218717.csv,train
260288.csv,train
185414.csv,train
256769.csv,train
246333.csv,train
251651.csv,train
222221.csv,train
161597.csv,train
159455.csv,train
170636.csv,train
241515.csv,train
170950.csv,train
232175.csv,train
245997.csv,train
136785.csv,train
238551.csv,train
222556.csv,train
253379.csv,train
158341.csv,train
264555.csv,train
240280.csv,train
154846.csv,train
113322.csv,train
130414.csv,train
172405.csv,train
228505.csv,train
236939.csv,train
213101.csv,train
262074.csv,train
147641.csv,train
263331.csv,train
158457.csv,train
195720.csv,train
243497.csv,train
211250.csv,train
253536.csv,train
176169.csv,train
157624.csv,train
203172.csv,train
228047.csv,train
197379.csv,train
131098.csv,train
115324.csv,train
255370.csv,train
194135.csv,train
248858.csv,train
259388.csv,train
206370.csv,train
203854.csv,train
114921.csv,train
133394.csv,train
258894.csv,train
258047.csv,train
128672.csv,train
137466.csv,train
112690.csv,train
107241.csv,train
233376.csv,train
113843.csv,train
256634.csv,train
252008.csv,train
184568.csv,train
235240.csv,train
173174.csv,train
249529.csv,train
163813.csv,train
115644.csv,train
227574.csv,train
184669.csv,train
243258.csv,train
199036.csv,train
223293.csv,train
263926.csv,train
229077.csv,train
197019.csv,train
201404.csv,train
254467.csv,train
258294.csv,train
186986.csv,train
199511.csv,train
248996.csv,train
161077.csv,train
243715.csv,train
184052.csv,train
240858.csv,train
255960.csv,train
152520.csv,train
248742.csv,train
247193.csv,train
226556.csv,train
219426.csv,train
235317.csv,train
241414.csv,train
219213.csv,train
258659.csv,train
252497.csv,train
192463.csv,train
247033.csv,train
183411.csv,train
186129.csv,train
194739.csv,train
153389.csv,train
242581.csv,train
228597.csv,train
219561.csv,train
260668.csv,train
229192.csv,train
172717.csv,train
145102.csv,train
203509.csv,train
136686.csv,train
201831.csv,train
112579.csv,train
228250.csv,train
189274.csv,train
262876.csv,train
253236.csv,train
157817.csv,train
110727.csv,train
223074.csv,train
205166.csv,train
118399.csv,train
221746.csv,train
239518.csv,train
237431.csv,train
219014.csv,train
117598.csv,train
168694.csv,train
237468.csv,train
212376.csv,train
127851.csv,train
211890.csv,train
200245.csv,train
157454.csv,train
192019.csv,train
260416.csv,train
246457.csv,train
250800.csv,train
148875.csv,train
155233.csv,train
134633.csv,train
243574.csv,train
135405.csv,train
194905.csv,train
229520.csv,train
243262.csv,train
185653.csv,train
260943.csv,train
239831.csv,train
245020.csv,train
237235.csv,train
240429.csv,train
115731.csv,train
186907.csv,train
227030.csv,train
180899.csv,train
220513.csv,train
237062.csv,train
218504.csv,train
249243.csv,train
150815.csv,train
259231.csv,train
190162.csv,train
148925.csv,train
228966.csv,train
178894.csv,train
221270.csv,train
171066.csv,train
240861.csv,train
163062.csv,train
250228.csv,train
235412.csv,train
229206.csv,train
222716.csv,train
169421.csv,train
230469.csv,train
223404.csv,train
206510.csv,train
179360.csv,train
174361.csv,train
259636.csv,train
157617.csv,train
125270.csv,train
199353.csv,train
231341.csv,train
232038.csv,train
230613.csv,train
176817.csv,train
149259.csv,train
206550.csv,train
148889.csv,train
232110.csv,train
210447.csv,train
208836.csv,train
194063.csv,train
203458.csv,train
241086.csv,train
230227.csv,train
202905.csv,train
125825.csv,train
182770.csv,train
209458.csv,train
196912.csv,train
231625.csv,train
231295.csv,train
163934.csv,train
201571.csv,train
227576.csv,train
231410.csv,train
193868.csv,train
258875.csv,train
136996.csv,train
236386.csv,train
202919.csv,train
258600.csv,train
206374.csv,train
251939.csv,train
151798.csv,train
193852.csv,train
264522.csv,train
226134.csv,train
205251.csv,train
166807.csv,train
214954.csv,train
240083.csv,train
231089.csv,train
203841.csv,train
191066.csv,train
201593.csv,train
187557.csv,train
227864.csv,train
164340.csv,train
194962.csv,train
221404.csv,train
238688.csv,train
170653.csv,train
223795.csv,train
209135.csv,train
204036.csv,train
156358.csv,train
201535.csv,train
207361.csv,train
172073.csv,train
182304.csv,train
241834.csv,train
186912.csv,train
252846.csv,train
261655.csv,train
229542.csv,train
198941.csv,train
209015.csv,train
138852.csv,train
237505.csv,train
265058.csv,train
118098.csv,train
257628.csv,train
245831.csv,train
140450.csv,train
227765.csv,train
235248.csv,train
245920.csv,train
238302.csv,train
154585.csv,train
216382.csv,train
231791.csv,train
243379.csv,train
264002.csv,train
196173.csv,train
207253.csv,train
238321.csv,train
136915.csv,train
195903.csv,train
260476.csv,train
132875.csv,train
205947.csv,train
228336.csv,train
228832.csv,train
190428.csv,train
147872.csv,train
257069.csv,train
238432.csv,train
224224.csv,train
244928.csv,train
261155.csv,train
212494.csv,train
126797.csv,train
239021.csv,train
251046.csv,train
261496.csv,train
251532.csv,train
215194.csv,train
185348.csv,train
258936.csv,train
262969.csv,train
264067.csv,train
239665.csv,train
256720.csv,train
242391.csv,train
205599.csv,train
228638.csv,train
134356.csv,train
160476.csv,train
262033.csv,train
237233.csv,train
184752.csv,train
231212.csv,train
180714.csv,train
251450.csv,train
257180.csv,train
183427.csv,train
215956.csv,train
242500.csv,train
155879.csv,train
183571.csv,train
234597.csv,train
214581.csv,train
217721.csv,train
230995.csv,train
162291.csv,train
255443.csv,train
213075.csv,train
258380.csv,train
172772.csv,train
200738.csv,train
145082.csv,train
213975.csv,train
251740.csv,train
224942.csv,train
161573.csv,train
258728.csv,train
234736.csv,train
178626.csv,train
134300.csv,train
261639.csv,train
176060.csv,train
244200.csv,train
248618.csv,train
142353.csv,train
219228.csv,train
162365.csv,train
243362.csv,train
265642.csv,train
213310.csv,train
202328.csv,train
145675.csv,train
141457.csv,train
209875.csv,train
112761.csv,train
250708.csv,train
190670.csv,train
132447.csv,train
227989.csv,train
199063.csv,train
127110.csv,train
218362.csv,train
123622.csv,train
240007.csv,train
225613.csv,train
247292.csv,train
183145.csv,train
209637.csv,train
145692.csv,train
228908.csv,train
157120.csv,train
247212.csv,train
220692.csv,train
130342.csv,train
230522.csv,train
194649.csv,train
239520.csv,train
247171.csv,train
210949.csv,train
220536.csv,train
240940.csv,train
223565.csv,train
220783.csv,train
236043.csv,train
175959.csv,train
255426.csv,train
135290.csv,train
216797.csv,train
216788.csv,train
208300.csv,train
133892.csv,train
112603.csv,train
222430.csv,train
185906.csv,train
127484.csv,train
229045.csv,train
217196.csv,train
245271.csv,train
130129.csv,train
214721.csv,train
224335.csv,train
264879.csv,train
227594.csv,train
106840.csv,train
225720.csv,train
203173.csv,train
216585.csv,train
214242.csv,train
242846.csv,train
220145.csv,train
158722.csv,train
184393.csv,train
243031.csv,train
235426.csv,train
263942.csv,train
219668.csv,train
241678.csv,train
129273.csv,train
256195.csv,train
184462.csv,train
262467.csv,train
231973.csv,train
252767.csv,train
249717.csv,train
239083.csv,train
221246.csv,train
253046.csv,train
243967.csv,train
141613.csv,train
217959.csv,train
250872.csv,train
198343.csv,train
162289.csv,train
213107.csv,train
204164.csv,train
179296.csv,train
210986.csv,train
119808.csv,train
176465.csv,train
208813.csv,train
198806.csv,train
222872.csv,train
257739.csv,train
260304.csv,train
228326.csv,train
106697.csv,train
262895.csv,train
196481.csv,train
191720.csv,train
209238.csv,train
254837.csv,train
244287.csv,train
252405.csv,train
202348.csv,train
172945.csv,train
118518.csv,train
117927.csv,train
222833.csv,train
265652.csv,train
180280.csv,train
248747.csv,train
112698.csv,train
148689.csv,train
203349.csv,train
211072.csv,train
200370.csv,train
228213.csv,train
242852.csv,train
220523.csv,train
222641.csv,train
124248.csv,train
213821.csv,train
244546.csv,train
262558.csv,train
244344.csv,train
168079.csv,train
127575.csv,train
257986.csv,train
257210.csv,train
233548.csv,train
244438.csv,train
115556.csv,train
186298.csv,train
234514.csv,train
261109.csv,train
169977.csv,train
169615.csv,train
161094.csv,train
246257.csv,train
198476.csv,train
228169.csv,train
104731.csv,train
228962.csv,train
226956.csv,train
228378.csv,train
258507.csv,train
105590.csv,train
220689.csv,train
143722.csv,train
242081.csv,train
244803.csv,train
218228.csv,train
175896.csv,train
208644.csv,train
125726.csv,train
206422.csv,train
260959.csv,train
199555.csv,train
248847.csv,train
167042.csv,train
203371.csv,train
163808.csv,train
233809.csv,train
238167.csv,train
169726.csv,train
256606.csv,train
234523.csv,train
217073.csv,train
109075.csv,train
246722.csv,train
186722.csv,train
232043.csv,train
223727.csv,train
111701.csv,train
228368.csv,train
172570.csv,train
259653.csv,train
132792.csv,train
144959.csv,train
241854.csv,train
204678.csv,train
203562.csv,train
199072.csv,train
231764.csv,train
238309.csv,train
181748.csv,train
215931.csv,train
243624.csv,train
131741.csv,train
150592.csv,train
256885.csv,train
254375.csv,train
197664.csv,train
215350.csv,train
235249.csv,train
134403.csv,train
204463.csv,train
247948.csv,train
220196.csv,train
220262.csv,train
225098.csv,train
242826.csv,train
204149.csv,train
193236.csv,train
211938.csv,train
173367.csv,train
263991.csv,train
150824.csv,train
192367.csv,train
104863.csv,train
239727.csv,train
241929.csv,train
219553.csv,train
205982.csv,train
186792.csv,train
121009.csv,train
208274.csv,train
250179.csv,train
245864.csv,train
243277.csv,train
203277.csv,train
250946.csv,train
210778.csv,train
156518.csv,train
154150.csv,train
253154.csv,train
252743.csv,train
197355.csv,train
257372.csv,train
207320.csv,train
264198.csv,train
250981.csv,train
264943.csv,train
139865.csv,train
94200.csv,train
239018.csv,train
244472.csv,train
193056.csv,train
195660.csv,train
143257.csv,train
122123.csv,train
245037.csv,train
257422.csv,train
253524.csv,train
200540.csv,train
243551.csv,train
249257.csv,train
144478.csv,train
213367.csv,train
222891.csv,train
253228.csv,train
252576.csv,train
131076.csv,train
198016.csv,train
254632.csv,train
197972.csv,train
152418.csv,train
231816.csv,train
159440.csv,train
203858.csv,train
254023.csv,train
210125.csv,train
169832.csv,train
132233.csv,train
254484.csv,train
207755.csv,train
217382.csv,train
176792.csv,train
173997.csv,train
168522.csv,train
261568.csv,train
256993.csv,train
222413.csv,train
259657.csv,train
258814.csv,train
190104.csv,train
197900.csv,train
212878.csv,train
179718.csv,train
223882.csv,train
118358.csv,train
251233.csv,train
115622.csv,train
199645.csv,train
242490.csv,train
241366.csv,train
148802.csv,train
231927.csv,train
170465.csv,train
140619.csv,train
203097.csv,train
219136.csv,train
249125.csv,train
240944.csv,train
204113.csv,train
217961.csv,train
195268.csv,train
144649.csv,train
212395.csv,train
235749.csv,train
178137.csv,train
265096.csv,train
215942.csv,train
197948.csv,train
112760.csv,train
137011.csv,train
246277.csv,train
215449.csv,train
207336.csv,train
205011.csv,train
233909.csv,train
251440.csv,train
261276.csv,train
196975.csv,train
251545.csv,train
197303.csv,train
226026.csv,train
143780.csv,train
264852.csv,train
147400.csv,train
257881.csv,train
237893.csv,train
94133.csv,train
162726.csv,train
262706.csv,train
138332.csv,train
209860.csv,train
231140.csv,train
178057.csv,train
247847.csv,train
257870.csv,train
255616.csv,train
201969.csv,train
248694.csv,train
181965.csv,train
234437.csv,train
244807.csv,train
258577.csv,train
219713.csv,train
185623.csv,train
182690.csv,train
217722.csv,train
250145.csv,train
176933.csv,train
194246.csv,train
185626.csv,train
216534.csv,train
235715.csv,train
175431.csv,train
188765.csv,train
244950.csv,train
246706.csv,train
159738.csv,train
232323.csv,train
197488.csv,train
225544.csv,train
252143.csv,train
186950.csv,train
221540.csv,train
220082.csv,train
175527.csv,train
176885.csv,train
205035.csv,train
265751.csv,train
158132.csv,train
240675.csv,train
233774.csv,train
201815.csv,train
238108.csv,train
208323.csv,train
160114.csv,train
204451.csv,train
150428.csv,train
197257.csv,train
252493.csv,train
216958.csv,train
234930.csv,train
130264.csv,train
247206.csv,train
136458.csv,train
215250.csv,train
204597.csv,train
188247.csv,train
211330.csv,train
125299.csv,train
242985.csv,train
241702.csv,train
133951.csv,train
227587.csv,train
216817.csv,train
197913.csv,train
184981.csv,train
209275.csv,train
184662.csv,train
229753.csv,train
244044.csv,train
112058.csv,train
119565.csv,train
261958.csv,train
244275.csv,train
223374.csv,train
234490.csv,train
213228.csv,train
141370.csv,train
217918.csv,train
197333.csv,train
152010.csv,train
197194.csv,train
252592.csv,train
194835.csv,train
208080.csv,train
191395.csv,train
216166.csv,train
228614.csv,train
229821.csv,train
210987.csv,train
228251.csv,train
234396.csv,train
254525.csv,train
220167.csv,train
204838.csv,train
116625.csv,train
205584.csv,train
136067.csv,train
246660.csv,train
194854.csv,train
226692.csv,train
226868.csv,train
245194.csv,train
262570.csv,train
216527.csv,train
141433.csv,train
152290.csv,train
185552.csv,train
218564.csv,train
223961.csv,train
220869.csv,train
218542.csv,train
231002.csv,train
174583.csv,train
231333.csv,train
243317.csv,train
196485.csv,train
246036.csv,train
237374.csv,train
218205.csv,train
162244.csv,train
237369.csv,train
106721.csv,train
239330.csv,train
251861.csv,train
259158.csv,train
180479.csv,train
142274.csv,train
203261.csv,train
124558.csv,train
183907.csv,train
212479.csv,train
261149.csv,train
241878.csv,train
253533.csv,train
215622.csv,train
255569.csv,train
257203.csv,train
261195.csv,train
230217.csv,train
189014.csv,train
216742.csv,train
166174.csv,train
246977.csv,train
156586.csv,train
123982.csv,train
177341.csv,train
262177.csv,train
195011.csv,train
229096.csv,train
145360.csv,train
190520.csv,train
243425.csv,train
240600.csv,train
195974.csv,train
247689.csv,train
146018.csv,train
230241.csv,train
230906.csv,train
198654.csv,train
196144.csv,train
230548.csv,train
123425.csv,train
109942.csv,train
173355.csv,train
182473.csv,train
197032.csv,train
264885.csv,train
242104.csv,train
158372.csv,train
245652.csv,train
225829.csv,train
178196.csv,train
263993.csv,train
144739.csv,train
119026.csv,train
203314.csv,train
249294.csv,train
250998.csv,train
212896.csv,train
128644.csv,train
233721.csv,train
163312.csv,train
233067.csv,train
190832.csv,train
193315.csv,train
238449.csv,train
182203.csv,train
128386.csv,train
260434.csv,train
258676.csv,train
187759.csv,train
261829.csv,train
206231.csv,train
130305.csv,train
253959.csv,train
230265.csv,train
257520.csv,train
233871.csv,train
232281.csv,train
255510.csv,train
193944.csv,train
256412.csv,train
258701.csv,train
168580.csv,train
138344.csv,train
210577.csv,train
241763.csv,train
214187.csv,train
253914.csv,train
260198.csv,train
258976.csv,train
187883.csv,train
215054.csv,train
200526.csv,train
223687.csv,train
261776.csv,train
251383.csv,train
241652.csv,train
224098.csv,train
263278.csv,train
229838.csv,train
212257.csv,train
245238.csv,train
198945.csv,train
190922.csv,train
172827.csv,train
240535.csv,train
113287.csv,train
263815.csv,train
260829.csv,train
157141.csv,train
204975.csv,train
251935.csv,train
257851.csv,train
260560.csv,train
190510.csv,train
157648.csv,train
239375.csv,train
230743.csv,train
202828.csv,train
110054.csv,train
211593.csv,train
217848.csv,train
251610.csv,train
245598.csv,train
153174.csv,train
264118.csv,train
243185.csv,train
207295.csv,train
186995.csv,train
211632.csv,train
257776.csv,train
249123.csv,train
247555.csv,train
244024.csv,train
247722.csv,train
208180.csv,train
252292.csv,train
229102.csv,train
232680.csv,train
236743.csv,train
145277.csv,train
220475.csv,train
241614.csv,train
233760.csv,train
132229.csv,train
265784.csv,train
164463.csv,train
210529.csv,train
212544.csv,train
186218.csv,train
223916.csv,train
232930.csv,train
198605.csv,train
258207.csv,train
229874.csv,train
236108.csv,train
260202.csv,train
132140.csv,train
164802.csv,train
200448.csv,train
117743.csv,train
247716.csv,train
198624.csv,train
139535.csv,train
198649.csv,train
136368.csv,train
254455.csv,train
197555.csv,train
211655.csv,train
222288.csv,train
244378.csv,train
193730.csv,train
203917.csv,train
193857.csv,train
197977.csv,train
204324.csv,train
230806.csv,train
220941.csv,train
197749.csv,train
156980.csv,train
177084.csv,train
235304.csv,train
232500.csv,train
254615.csv,train
136188.csv,train
209202.csv,train
138117.csv,train
147035.csv,train
205543.csv,train
236564.csv,train
108454.csv,train
224652.csv,train
236981.csv,train
231032.csv,train
228744.csv,train
133750.csv,train
254325.csv,train
258062.csv,train
212631.csv,train
172957.csv,train
262737.csv,train
264389.csv,train
221493.csv,train
243291.csv,train
235447.csv,train
220875.csv,train
227046.csv,train
227861.csv,train
224452.csv,train
197465.csv,train
242358.csv,train
230336.csv,train
169760.csv,train
240806.csv,train
215812.csv,train
243816.csv,train
231676.csv,train
210283.csv,train
243236.csv,train
205424.csv,train
261203.csv,train
143966.csv,train
184698.csv,train
246453.csv,train
185671.csv,train
156120.csv,train
251181.csv,train
134858.csv,train
252298.csv,train
142288.csv,train
260320.csv,train
241435.csv,train
251328.csv,train
142005.csv,train
169122.csv,train
187385.csv,train
228695.csv,train
158359.csv,train
249701.csv,train
261840.csv,train
218332.csv,train
240785.csv,train
135480.csv,train
249842.csv,train
233739.csv,train
227040.csv,train
257651.csv,train
205370.csv,train
211736.csv,train
218963.csv,train
242701.csv,train
246267.csv,train
255182.csv,train
240237.csv,train
198489.csv,train
233061.csv,train
264377.csv,train
146433.csv,train
243844.csv,train
226996.csv,train
234067.csv,train
239839.csv,train
143598.csv,train
145653.csv,train
261830.csv,train
235075.csv,train
165912.csv,train
226739.csv,train
231628.csv,train
156332.csv,train
136896.csv,train
158647.csv,train
248548.csv,train
192869.csv,train
240720.csv,train
242306.csv,train
228941.csv,train
260446.csv,train
191863.csv,train
221063.csv,train
208698.csv,train
136909.csv,train
113721.csv,train
261896.csv,train
119893.csv,train
262251.csv,train
155355.csv,train
200415.csv,train
255189.csv,train
248334.csv,train
143545.csv,train
114048.csv,train
208058.csv,train
249714.csv,train
173135.csv,train
237219.csv,train
228249.csv,train
239444.csv,train
263563.csv,train
230027.csv,train
263723.csv,train
258368.csv,train
246328.csv,train
206588.csv,train
242140.csv,train
219089.csv,train
254704.csv,train
227436.csv,train
221906.csv,train
259988.csv,train
243427.csv,train
243689.csv,train
233153.csv,train
246784.csv,train
219858.csv,train
222488.csv,train
193235.csv,train
156347.csv,train
204708.csv,train
183799.csv,train
132005.csv,train
174495.csv,train
239636.csv,train
238249.csv,train
237775.csv,train
208515.csv,train
170695.csv,train
234811.csv,train
235732.csv,train
149742.csv,train
239196.csv,train
250261.csv,train
215213.csv,train
156891.csv,train
234224.csv,train
104686.csv,train
171250.csv,train
208374.csv,train
220532.csv,train
243340.csv,train
246725.csv,train
205083.csv,train
163086.csv,train
214436.csv,train
199138.csv,train
117627.csv,train
193406.csv,train
215017.csv,train
198192.csv,train
147022.csv,train
242015.csv,train
227968.csv,train
242389.csv,train
242417.csv,train
177636.csv,train
150563.csv,train
130359.csv,train
150205.csv,train
132188.csv,train
207762.csv,train
250818.csv,train
244874.csv,train
231243.csv,train
196882.csv,train
231340.csv,train
118234.csv,train
243223.csv,train
250663.csv,train
262183.csv,train
171360.csv,train
163511.csv,train
240905.csv,train
251878.csv,train
217257.csv,train
255332.csv,train
209195.csv,train
258430.csv,train
260488.csv,train
250213.csv,train
254625.csv,train
199675.csv,train
258320.csv,train
240998.csv,train
235216.csv,train
253300.csv,train
262944.csv,train
174127.csv,train
264025.csv,train
224967.csv,train
257829.csv,train
225224.csv,train
260989.csv,train
242253.csv,train
207915.csv,train
180851.csv,train
255972.csv,train
143995.csv,train
236661.csv,train
151111.csv,train
225937.csv,train
261329.csv,train
232415.csv,train
93202.csv,train
225119.csv,train
230479.csv,train
244175.csv,train
218491.csv,train
189414.csv,train
194163.csv,train
245319.csv,train
217112.csv,train
147065.csv,train
249063.csv,train
214167.csv,train
240711.csv,train
222153.csv,train
261476.csv,train
218889.csv,train
248989.csv,train
218375.csv,train
190818.csv,train
226754.csv,train
129480.csv,train
132694.csv,train
243991.csv,train
177359.csv,train
142844.csv,train
203574.csv,train
257646.csv,train
239245.csv,train
202352.csv,train
146009.csv,train
242060.csv,train
243418.csv,train
231953.csv,train
232660.csv,train
242499.csv,train
136165.csv,train
222393.csv,train
256811.csv,train
237097.csv,train
232055.csv,train
206587.csv,train
253482.csv,train
116390.csv,train
202371.csv,train
214318.csv,train
197392.csv,train
176798.csv,train
215954.csv,train
255210.csv,train
237726.csv,train
157788.csv,train
198597.csv,train
222684.csv,train
209098.csv,train
175961.csv,train
225605.csv,train
259619.csv,train
193411.csv,train
116016.csv,train
208620.csv,train
234633.csv,train
246461.csv,train
206405.csv,train
221997.csv,train
233210.csv,train
229426.csv,train
252189.csv,train
135485.csv,train
247569.csv,train
262111.csv,train
150306.csv,train
135281.csv,train
132772.csv,train
251973.csv,train
230132.csv,train
154454.csv,train
222255.csv,train
195676.csv,train
242484.csv,train
252136.csv,train
229718.csv,train
219416.csv,train
196346.csv,train
205139.csv,train
193587.csv,train
249754.csv,train
242299.csv,train
198547.csv,train
224405.csv,train
187271.csv,train
262584.csv,train
189269.csv,train
156816.csv,train
221466.csv,train
104658.csv,train
218607.csv,train
212660.csv,train
232664.csv,train
211224.csv,train
200745.csv,train
229257.csv,train
250465.csv,train
242875.csv,train
261115.csv,train
252486.csv,train
234544.csv,train
171545.csv,train
112826.csv,train
209049.csv,train
197272.csv,train
238863.csv,train
214309.csv,train
246390.csv,train
134590.csv,train
212467.csv,train
238030.csv,train
220680.csv,train
234891.csv,train
234066.csv,train
111692.csv,train
252368.csv,train
141641.csv,train
214968.csv,train
126152.csv,train
208668.csv,train
225075.csv,train
250812.csv,train
203630.csv,train
193410.csv,train
169612.csv,train
232015.csv,train
213901.csv,train
239483.csv,train
133042.csv,train
219870.csv,train
184525.csv,train
176308.csv,train
236891.csv,train
113546.csv,train
222679.csv,train
251370.csv,train
261308.csv,train
204543.csv,train
192794.csv,train
140925.csv,train
257872.csv,train
251991.csv,train
212480.csv,train
232158.csv,train
206031.csv,train
225588.csv,train
209101.csv,train
201817.csv,train
134822.csv,train
190601.csv,train
233544.csv,train
245224.csv,train
191689.csv,train
225932.csv,train
256706.csv,train
243191.csv,train
212962.csv,train
231558.csv,train
155950.csv,train
171728.csv,train
242352.csv,train
247799.csv,train
168939.csv,train
192612.csv,train
225360.csv,train
125900.csv,train
173514.csv,train
251813.csv,train
255530.csv,train
190687.csv,train
199184.csv,train
235925.csv,train
226065.csv,train
118609.csv,train
135615.csv,train
262422.csv,train
225902.csv,train
250106.csv,train
184455.csv,train
263718.csv,train
224797.csv,train
241629.csv,train
251340.csv,train
257252.csv,train
235301.csv,train
208693.csv,train
249375.csv,train
215352.csv,train
225800.csv,train
188837.csv,train
253262.csv,train
246281.csv,train
114224.csv,train
241480.csv,train
178917.csv,train
254668.csv,train
147393.csv,train
246144.csv,train
243486.csv,train
234745.csv,train
247031.csv,train
105882.csv,train
225445.csv,train
236088.csv,train
224249.csv,train
193486.csv,train
221520.csv,train
134801.csv,train
123776.csv,train
259188.csv,train
147648.csv,train
246071.csv,train
262638.csv,train
168286.csv,train
184974.csv,train
244509.csv,train
162628.csv,train
203669.csv,train
228432.csv,train
232606.csv,train
188069.csv,train
260914.csv,train
186608.csv,train
219685.csv,train
175523.csv,train
203561.csv,train
171485.csv,train
119095.csv,train
194152.csv,train
203663.csv,train
195039.csv,train
260276.csv,train
242659.csv,train
241869.csv,train
209974.csv,train
263724.csv,train
237522.csv,train
261574.csv,train
117971.csv,train
202920.csv,train
211035.csv,train
181659.csv,train
135526.csv,train
222820.csv,train
194738.csv,train
208466.csv,train
263900.csv,train
229734.csv,train
221936.csv,train
151887.csv,train
224698.csv,train
251500.csv,train
252165.csv,train
238407.csv,train
238588.csv,train
227109.csv,train
206768.csv,train
240082.csv,train
243814.csv,train
222839.csv,train
240267.csv,train
263008.csv,train
214243.csv,train
203861.csv,train
205551.csv,train
240043.csv,train
110379.csv,train
174844.csv,train
230034.csv,train
200542.csv,train
252615.csv,train
151500.csv,train
225810.csv,train
241832.csv,train
221317.csv,train
179689.csv,train
230078.csv,train
190563.csv,train
247222.csv,train
180498.csv,train
176802.csv,train
223152.csv,train
259819.csv,train
184833.csv,train
203916.csv,train
119880.csv,train
228627.csv,train
227559.csv,train
259217.csv,train
240381.csv,train
206186.csv,train
201249.csv,train
226078.csv,train
151188.csv,train
174793.csv,train
242798.csv,train
170952.csv,train
242008.csv,train
116289.csv,train
114585.csv,train
196500.csv,train
223643.csv,train
184500.csv,train
229911.csv,train
233028.csv,train
225840.csv,train
204733.csv,train
232898.csv,train
122563.csv,train
249341.csv,train
225941.csv,train
206766.csv,train
263236.csv,train
256665.csv,train
178838.csv,train
255193.csv,train
204657.csv,train
207601.csv,train
221624.csv,train
244165.csv,train
186955.csv,train
184403.csv,train
212796.csv,train
217729.csv,train
180053.csv,train
222812.csv,train
221847.csv,train
215606.csv,train
133392.csv,train
261335.csv,train
225040.csv,train
225519.csv,train
254508.csv,train
235410.csv,train
192661.csv,train
229131.csv,train
202939.csv,train
235593.csv,train
247980.csv,train
248802.csv,train
250621.csv,train
215409.csv,train
252577.csv,train
232768.csv,train
205535.csv,train
264876.csv,train
219856.csv,train
241694.csv,train
217567.csv,train
205384.csv,train
196936.csv,train
168562.csv,train
241539.csv,train
235144.csv,train
261870.csv,train
188660.csv,train
178063.csv,train
147572.csv,train
187643.csv,train
207281.csv,train
173887.csv,train
261964.csv,train
171147.csv,train
147077.csv,train
153475.csv,train
188084.csv,train
176221.csv,train
193521.csv,train
235492.csv,train
240563.csv,train
219964.csv,train
264299.csv,train
207389.csv,train
211018.csv,train
260504.csv,train
174694.csv,train
262600.csv,train
241108.csv,train
195736.csv,train
190847.csv,train
219656.csv,train
230896.csv,train
260284.csv,train
197318.csv,train
196902.csv,train
201528.csv,train
209204.csv,train
231748.csv,train
202981.csv,train
142516.csv,train
255455.csv,train
246319.csv,train
165999.csv,train
223379.csv,train
222785.csv,train
152111.csv,train
228212.csv,train
222635.csv,train
196632.csv,train
250499.csv,train
250684.csv,train
172899.csv,train
231793.csv,train
202503.csv,train
214675.csv,train
231315.csv,train
141192.csv,train
163309.csv,train
202564.csv,train
240089.csv,train
202304.csv,train
239313.csv,train
204560.csv,train
248244.csv,train
141077.csv,train
253609.csv,train
125572.csv,train
257219.csv,train
147383.csv,train
114639.csv,train
190283.csv,train
208574.csv,train
257393.csv,train
160218.csv,train
262552.csv,train
202030.csv,train
246188.csv,train
263897.csv,train
196216.csv,train
142316.csv,train
130885.csv,train
105361.csv,train
158520.csv,train
235785.csv,train
200080.csv,train
254406.csv,train
194050.csv,train
251318.csv,train
211359.csv,train
207080.csv,train
197312.csv,train
261393.csv,train
138537.csv,train
227148.csv,train
207025.csv,train
199260.csv,train
132011.csv,train
108168.csv,train
254714.csv,train
217346.csv,train
231167.csv,train
259535.csv,train
261356.csv,train
209537.csv,train
216796.csv,train
239746.csv,train
236816.csv,train
118333.csv,train
211996.csv,train
169348.csv,train
214538.csv,train
228369.csv,train
215074.csv,train
260038.csv,train
234456.csv,train
264668.csv,train
225870.csv,train
160010.csv,train
226491.csv,train
231038.csv,train
133223.csv,train
146788.csv,train
147444.csv,train
163171.csv,train
231049.csv,train
224436.csv,train
225044.csv,train
209011.csv,train
142632.csv,train
242125.csv,train
224702.csv,train
109319.csv,train
202546.csv,train
219264.csv,train
234091.csv,train
182008.csv,train
205314.csv,train
232556.csv,train
245087.csv,train
244884.csv,train
248137.csv,train
198543.csv,train
248414.csv,train
215124.csv,train
207488.csv,train
264300.csv,train
209374.csv,train
220626.csv,train
249432.csv,train
144662.csv,train
257679.csv,train
228456.csv,train
190795.csv,train
243237.csv,train
203821.csv,train
189393.csv,train
238235.csv,train
127275.csv,train
145995.csv,train
227609.csv,train
264807.csv,train
246919.csv,train
214631.csv,train
98325.csv,train
149730.csv,train
243257.csv,train
253548.csv,train
150711.csv,train
227790.csv,train
141375.csv,train
116963.csv,train
180596.csv,train
207276.csv,train
241192.csv,train
195627.csv,train
154561.csv,train
206860.csv,train
233804.csv,train
237740.csv,train
209793.csv,train
196411.csv,train
183186.csv,train
246010.csv,train
133578.csv,train
260377.csv,train
205240.csv,train
134491.csv,train
245309.csv,train
250123.csv,train
246892.csv,train
203241.csv,train
199773.csv,train
237020.csv,train
220038.csv,train
105473.csv,train
241457.csv,train
177785.csv,train
211099.csv,train
220207.csv,train
252751.csv,train
179952.csv,train
243998.csv,train
232682.csv,train
234573.csv,train
236492.csv,train
257692.csv,train
210470.csv,train
218068.csv,train
220506.csv,train
174992.csv,train
217066.csv,train
238211.csv,train
216291.csv,train
174403.csv,train
248899.csv,train
214685.csv,train
249880.csv,train
185729.csv,train
246863.csv,train
234370.csv,train
252719.csv,train
230168.csv,train
205837.csv,train
256495.csv,train
229191.csv,train
186044.csv,train
219045.csv,train
210544.csv,train
235245.csv,train
261754.csv,train
194537.csv,train
221073.csv,train
218645.csv,train
137824.csv,train
222415.csv,train
260316.csv,train
233165.csv,train
210409.csv,train
202229.csv,train
157622.csv,train
139914.csv,train
248647.csv,train
201347.csv,train
214321.csv,train
170044.csv,train
193757.csv,train
245085.csv,train
263865.csv,train
131405.csv,train
241963.csv,train
146999.csv,train
245073.csv,train
261353.csv,train
225861.csv,train
234394.csv,train
252160.csv,train
221410.csv,train
252960.csv,train
241491.csv,train
222452.csv,train
244236.csv,train
193214.csv,train
168047.csv,train
158200.csv,train
154319.csv,train
259225.csv,train
237279.csv,train
134664.csv,train
209308.csv,train
184514.csv,train
255831.csv,train
249151.csv,train
247660.csv,train
227780.csv,train
252945.csv,train
221146.csv,train
254401.csv,train
209019.csv,train
262785.csv,train
230882.csv,train
243503.csv,train
228477.csv,train
150378.csv,train
140691.csv,train
207738.csv,train
262512.csv,train
234908.csv,train
152692.csv,train
247097.csv,train
134114.csv,train
249802.csv,train
255105.csv,train
213712.csv,train
163899.csv,train
223698.csv,train
169131.csv,train
217422.csv,train
215595.csv,train
253761.csv,train
258187.csv,train
222669.csv,train
174966.csv,train
155983.csv,train
244903.csv,train
159127.csv,train
255524.csv,train
174752.csv,train
141965.csv,train
257893.csv,train
210281.csv,train
158569.csv,train
251045.csv,train
185405.csv,train
261154.csv,train
229294.csv,train
229097.csv,train
177400.csv,train
218556.csv,train
210363.csv,train
264671.csv,train
219833.csv,train
264192.csv,train
218289.csv,train
259597.csv,train
227862.csv,train
180013.csv,train
210039.csv,train
232020.csv,train
251717.csv,train
259949.csv,train
252511.csv,train
225279.csv,train
211293.csv,train
138104.csv,train
264263.csv,train
206499.csv,train
112769.csv,train
187924.csv,train
238353.csv,train
128795.csv,train
202502.csv,train
206743.csv,train
237986.csv,train
239062.csv,train
164078.csv,train
98265.csv,train
242347.csv,train
229233.csv,train
226924.csv,train
169016.csv,train
194431.csv,train
250091.csv,train
226105.csv,train
145881.csv,train
228697.csv,train
146427.csv,train
246816.csv,train
247574.csv,train
202647.csv,train
180925.csv,train
216505.csv,train
128330.csv,train
204948.csv,train
251236.csv,train
231399.csv,train
212305.csv,train
247508.csv,train
235398.csv,train
159262.csv,train
231714.csv,train
235518.csv,train
238618.csv,train
231127.csv,train
219872.csv,train
229648.csv,train
264607.csv,train
140613.csv,train
204155.csv,train
193061.csv,train
234513.csv,train
263295.csv,train
230047.csv,train
210944.csv,train
126891.csv,train
227404.csv,train
196042.csv,train
244214.csv,train
240108.csv,train
258442.csv,train
229960.csv,train
250520.csv,train
213935.csv,train
194598.csv,train
193666.csv,train
252407.csv,train
244338.csv,train
252176.csv,train
236843.csv,train
185451.csv,train
175195.csv,train
136541.csv,train
203485.csv,train
217582.csv,train
244253.csv,train
132784.csv,train
243683.csv,train
108527.csv,train
111899.csv,train
249258.csv,train
229751.csv,train
219437.csv,train
168717.csv,train
236605.csv,train
151495.csv,train
206847.csv,train
223793.csv,train
230281.csv,train
228075.csv,train
221447.csv,train
195126.csv,train
195056.csv,train
256455.csv,train
190123.csv,train
211264.csv,train
197870.csv,train
131879.csv,train
258777.csv,train
133292.csv,train
221734.csv,train
176788.csv,train
182312.csv,train
142669.csv,train
239787.csv,train
211047.csv,train
176258.csv,train
245337.csv,train
213253.csv,train
133813.csv,train
187120.csv,train
154424.csv,train
134668.csv,train
173477.csv,train
213316.csv,train
261555.csv,train
104447.csv,train
257569.csv,train
157256.csv,train
258111.csv,train
243209.csv,train
243984.csv,train
209310.csv,train
198666.csv,train
234872.csv,train
197456.csv,train
140205.csv,train
206290.csv,train
251025.csv,train
200172.csv,train
213861.csv,train
257917.csv,train
229473.csv,train
173372.csv,train
202556.csv,train
251144.csv,train
190883.csv,train
261659.csv,train
207210.csv,train
241412.csv,train
132225.csv,train
210405.csv,train
244853.csv,train
192321.csv,train
234530.csv,train
250281.csv,train
235204.csv,train
202924.csv,train
143713.csv,train
150026.csv,train
238873.csv,train
240080.csv,train
224150.csv,train
261233.csv,train
193657.csv,train
263096.csv,train
217278.csv,train
253290.csv,train
128364.csv,train
244185.csv,train
240466.csv,train
164005.csv,train
235981.csv,train
240648.csv,train
145493.csv,train
195632.csv,train
237735.csv,train
211695.csv,train
251365.csv,train
199666.csv,train
128585.csv,train
128445.csv,train
260159.csv,train
160561.csv,train
250961.csv,train
238992.csv,train
213680.csv,train
177556.csv,train
233818.csv,train
230044.csv,train
233775.csv,train
239499.csv,train
241053.csv,train
244846.csv,train
263490.csv,train
233675.csv,train
223803.csv,train
126910.csv,train
206887.csv,train
198114.csv,train
210474.csv,train
248477.csv,train
175563.csv,train
238233.csv,train
149992.csv,train
144710.csv,train
230752.csv,train
241135.csv,train
202258.csv,train
234498.csv,train
251733.csv,train
223625.csv,train
191478.csv,train
236295.csv,train
249553.csv,train
232610.csv,train
174777.csv,train
165003.csv,train
226544.csv,train
220353.csv,train
263375.csv,train
226564.csv,train
164100.csv,train
235798.csv,train
188680.csv,train
188972.csv,train
93808.csv,train
211691.csv,train
222798.csv,train
170498.csv,train
199521.csv,train
233639.csv,train
228699.csv,train
198351.csv,train
231483.csv,train
201647.csv,train
199890.csv,train
207875.csv,train
202160.csv,train
226814.csv,train
257362.csv,train
204279.csv,train
207495.csv,train
180179.csv,train
214255.csv,train
247278.csv,train
201533.csv,train
149093.csv,train
212882.csv,train
167533.csv,train
118991.csv,train
148351.csv,train
244622.csv,train
185040.csv,train
230091.csv,train
246278.csv,train
240276.csv,train
226541.csv,train
172444.csv,train
253071.csv,train
203563.csv,train
237258.csv,train
206819.csv,train
241585.csv,train
228096.csv,train
201035.csv,train
151586.csv,train
181777.csv,train
113844.csv,train
256175.csv,train
227714.csv,train
189375.csv,train
196955.csv,train
206022.csv,train
186789.csv,train
237881.csv,train
263599.csv,train
109599.csv,train
229567.csv,train
221125.csv,train
238489.csv,train
205903.csv,train
152251.csv,train
207455.csv,train
225736.csv,train
262146.csv,train
245256.csv,train
198848.csv,train
165430.csv,train
179221.csv,train
251424.csv,train
242673.csv,train
235207.csv,train
228635.csv,train
244489.csv,train
214369.csv,train
241952.csv,train
214583.csv,train
231235.csv,train
204118.csv,train
214400.csv,train
260076.csv,train
251625.csv,train
243179.csv,train
228061.csv,train
205417.csv,train
168489.csv,train
181154.csv,train
164824.csv,train
107672.csv,train
247925.csv,train
221534.csv,train
252728.csv,train
242239.csv,train
119126.csv,train
232497.csv,train
199222.csv,train
244899.csv,train
141233.csv,train
142537.csv,train
213414.csv,train
132736.csv,train
135532.csv,train
208958.csv,train
115436.csv,train
191994.csv,train
173178.csv,train
236593.csv,train
258308.csv,train
247412.csv,train
241382.csv,train
248100.csv,train
199168.csv,train
116201.csv,train
217523.csv,train
212327.csv,train
147480.csv,train
104567.csv,train
225615.csv,train
210010.csv,train
226706.csv,train
149887.csv,train
188258.csv,train
205136.csv,train
112220.csv,train
230328.csv,train
257411.csv,train
191105.csv,train
210255.csv,train
177838.csv,train
223159.csv,train
242582.csv,train
237090.csv,train
255081.csv,train
158510.csv,train
259128.csv,train
123820.csv,train
262846.csv,train
256431.csv,train
254850.csv,train
235525.csv,train
258585.csv,train
211959.csv,train
198739.csv,train
246776.csv,train
172278.csv,train
252927.csv,train
150578.csv,train
260838.csv,train
152940.csv,train
224255.csv,train
162560.csv,train
172652.csv,train
229053.csv,train
238456.csv,train
211370.csv,train
194735.csv,train
242936.csv,train
107418.csv,train
193595.csv,train
206208.csv,train
205390.csv,train
137629.csv,train
227398.csv,train
175849.csv,train
248602.csv,train
233467.csv,train
228581.csv,train
185333.csv,train
206261.csv,train
262476.csv,train
226539.csv,train
264958.csv,train
259213.csv,train
240333.csv,train
265025.csv,train
215248.csv,train
194169.csv,train
219283.csv,train
162813.csv,train
256447.csv,train
237058.csv,train
263820.csv,train
261002.csv,train
176697.csv,train
171195.csv,train
242574.csv,train
219234.csv,train
254972.csv,train
157101.csv,train
247475.csv,train
251707.csv,train
137894.csv,train
228747.csv,train
198552.csv,train
251107.csv,train
224144.csv,train
183185.csv,train
209186.csv,train
239111.csv,train
133511.csv,train
213588.csv,train
174439.csv,train
174248.csv,train
187400.csv,train
213116.csv,train
138129.csv,train
222613.csv,train
255905.csv,train
157069.csv,train
239719.csv,train
134193.csv,train
211199.csv,train
227626.csv,train
195743.csv,train
168366.csv,train
166998.csv,train
182977.csv,train
205279.csv,train
132353.csv,train
220377.csv,train
174552.csv,train
188432.csv,train
220459.csv,train
201924.csv,train
177833.csv,train
238164.csv,train
250880.csv,train
200828.csv,train
104900.csv,train
151957.csv,train
241594.csv,train
207132.csv,train
145641.csv,train
154149.csv,train
251593.csv,train
104832.csv,train
237284.csv,train
182575.csv,train
251376.csv,train
220343.csv,train
217890.csv,train
243176.csv,train
216955.csv,train
165469.csv,train
242072.csv,train
201049.csv,train
241558.csv,train
144322.csv,train
242772.csv,train
223895.csv,train
221428.csv,train
243346.csv,train
233479.csv,train
184212.csv,train
229140.csv,train
252724.csv,train
198643.csv,train
259889.csv,train
170516.csv,train
227615.csv,train
242947.csv,train
180173.csv,train
260808.csv,train
160333.csv,train
204977.csv,train
178039.csv,train
253654.csv,train
232220.csv,train
231869.csv,train
186959.csv,train
218538.csv,train
253405.csv,train
254358.csv,train
242736.csv,train
105048.csv,train
245546.csv,train
193867.csv,train
230832.csv,train
195264.csv,train
103956.csv,train
240567.csv,train
232534.csv,train
243567.csv,train
173320.csv,train
252158.csv,train
106227.csv,train
142475.csv,train
216697.csv,train
236653.csv,train
263303.csv,train
194657.csv,train
216469.csv,train
207258.csv,train
219763.csv,train
254436.csv,train
208976.csv,train
242708.csv,train
212681.csv,train
177420.csv,train
258291.csv,train
221951.csv,train
217105.csv,train
263221.csv,train
235089.csv,train
205114.csv,train
246643.csv,train
200499.csv,train
216487.csv,train
237894.csv,train
253781.csv,train
212876.csv,train
150889.csv,train
218401.csv,train
138062.csv,train
162266.csv,train
243832.csv,train
127434.csv,train
225797.csv,train
235378.csv,train
173878.csv,train
147680.csv,train
234261.csv,train
140248.csv,train
114761.csv,train
255306.csv,train
244987.csv,train
194142.csv,train
265226.csv,train
259142.csv,train
138279.csv,train
203421.csv,train
261063.csv,train
222856.csv,train
197616.csv,train
248684.csv,train
244717.csv,train
144202.csv,train
253823.csv,train
211142.csv,train
242594.csv,train
135579.csv,train
211027.csv,train
260232.csv,train
242075.csv,train
193698.csv,train
189302.csv,train
113556.csv,train
238642.csv,train
261919.csv,train
263672.csv,train
170641.csv,train
241427.csv,train
263668.csv,train
247515.csv,train
205660.csv,train
192511.csv,train
208831.csv,train
230624.csv,train
111795.csv,train
214751.csv,train
250864.csv,train
265651.csv,train
265199.csv,train
223191.csv,train
194442.csv,train
251961.csv,train
135282.csv,train
243879.csv,train
130520.csv,train
160479.csv,train
242200.csv,train
242469.csv,train
191139.csv,train
237378.csv,train
240627.csv,train
157528.csv,train
237266.csv,train
184889.csv,train
202422.csv,train
152152.csv,train
148835.csv,train
264013.csv,train
140571.csv,train
263777.csv,train
212548.csv,train
217715.csv,train
193576.csv,train
260073.csv,train
135304.csv,train
251713.csv,train
206592.csv,train
215341.csv,train
234560.csv,train
162111.csv,train
203810.csv,train
230497.csv,train
215128.csv,train
221159.csv,train
229095.csv,train
227255.csv,train
223188.csv,train
208800.csv,train
259490.csv,train
257332.csv,train
202245.csv,train
161944.csv,train
233833.csv,train
141704.csv,train
113635.csv,train
246652.csv,train
122839.csv,train
247443.csv,train
243461.csv,train
157769.csv,train
210001.csv,train
264289.csv,train
232405.csv,train
210662.csv,train
163994.csv,train
228468.csv,train
177412.csv,train
240696.csv,train
225935.csv,train
198703.csv,train
123805.csv,train
247378.csv,train
239183.csv,train
217012.csv,train
94366.csv,train
243881.csv,train
196724.csv,train
239176.csv,train
242025.csv,train
246995.csv,train
251953.csv,train
232887.csv,train
147420.csv,train
242727.csv,train
205562.csv,train
112842.csv,train
145093.csv,train
196273.csv,train
123263.csv,train
223480.csv,train
205523.csv,train
249607.csv,train
246982.csv,train
199423.csv,train
209257.csv,train
257612.csv,train
214768.csv,train
163042.csv,train
143158.csv,train
245286.csv,train
249773.csv,train
244897.csv,train
158316.csv,train
200233.csv,train
215912.csv,train
241772.csv,train
263025.csv,train
261847.csv,train
239485.csv,train
172585.csv,train
234614.csv,train
203531.csv,train
117898.csv,train
233764.csv,train
169511.csv,train
214688.csv,train
223086.csv,train
256569.csv,train
241207.csv,train
249527.csv,train
246032.csv,train
238417.csv,train
135140.csv,train
236408.csv,train
255401.csv,train
203432.csv,train
200160.csv,train
257070.csv,train
147082.csv,train
244615.csv,train
206115.csv,train
167565.csv,train
246730.csv,train
142668.csv,train
243501.csv,train
204818.csv,train
221797.csv,train
251571.csv,train
244002.csv,train
229348.csv,train
255398.csv,train
179156.csv,train
183112.csv,train
237451.csv,train
228975.csv,train
208723.csv,train
253958.csv,train
197704.csv,train
209320.csv,train
261680.csv,train
137882.csv,train
208587.csv,train
210362.csv,train
241975.csv,train
172400.csv,train
242088.csv,train
167740.csv,train
257919.csv,train
184398.csv,train
117772.csv,train
126219.csv,train
173827.csv,train
135280.csv,train
248974.csv,train
191725.csv,train
244235.csv,train
206255.csv,train
162862.csv,train
223267.csv,train
265643.csv,train
184802.csv,train
138628.csv,train
138818.csv,train
112978.csv,train
202059.csv,train
164103.csv,train
227643.csv,train
177310.csv,train
256468.csv,train
242951.csv,train
263796.csv,train
140733.csv,train
116051.csv,train
228288.csv,train
246664.csv,train
241641.csv,train
211984.csv,train
221463.csv,train
242554.csv,train
231555.csv,train
244080.csv,train
262478.csv,train
229390.csv,train
231126.csv,train
248754.csv,train
231009.csv,train
194201.csv,train
254208.csv,train
198955.csv,train
213550.csv,train
254404.csv,train
193525.csv,train
139360.csv,train
198450.csv,train
219700.csv,train
248101.csv,train
220143.csv,train
184907.csv,train
192872.csv,train
219630.csv,train
204112.csv,train
182076.csv,train
176677.csv,train
214087.csv,train
186840.csv,train
225062.csv,train
225510.csv,train
200803.csv,train
197874.csv,train
240318.csv,train
131898.csv,train
130320.csv,train
211471.csv,train
258703.csv,train
232694.csv,train
247553.csv,train
187649.csv,train
243772.csv,train
230963.csv,train
200811.csv,train
170840.csv,train
241005.csv,train
203130.csv,train
177592.csv,train
240864.csv,train
223343.csv,train
219537.csv,train
217241.csv,train
154486.csv,train
212165.csv,train
230635.csv,train
219170.csv,train
257641.csv,train
247915.csv,train
250384.csv,train
135508.csv,train
240745.csv,train
204886.csv,train
239895.csv,train
255721.csv,train
219147.csv,train
205342.csv,train
227392.csv,train
229725.csv,train
243605.csv,train
237291.csv,train
248971.csv,train
155973.csv,train
158463.csv,train
261128.csv,train
112202.csv,train
141794.csv,train
244890.csv,train
194901.csv,train
242803.csv,train
220490.csv,train
231660.csv,train
150579.csv,train
162893.csv,train
194851.csv,train
135618.csv,train
220658.csv,train
261244.csv,train
210588.csv,train
229098.csv,train
253843.csv,train
147639.csv,train
242809.csv,train
207920.csv,train
223430.csv,train
230409.csv,train
263063.csv,train
182345.csv,train
139867.csv,train
162398.csv,train
93367.csv,train
173146.csv,train
168527.csv,train
166393.csv,train
261934.csv,train
243674.csv,train
244594.csv,train
194805.csv,train
122969.csv,train
140307.csv,train
247151.csv,train
180149.csv,train
252073.csv,train
245378.csv,train
142499.csv,train
206626.csv,train
231430.csv,train
172407.csv,train
130697.csv,train
251443.csv,train
194624.csv,train
106737.csv,train
204822.csv,train
253801.csv,train
203809.csv,train
234497.csv,train
202449.csv,train
188232.csv,train
183081.csv,train
234968.csv,train
185392.csv,train
246117.csv,train
258293.csv,train
184761.csv,train
211368.csv,train
156794.csv,train
264766.csv,train
184003.csv,train
262670.csv,train
159823.csv,train
246868.csv,train
226050.csv,train
193470.csv,train
232900.csv,train
245893.csv,train
190257.csv,train
250865.csv,train
220037.csv,train
231817.csv,train
186120.csv,train
245847.csv,train
135299.csv,train
137746.csv,train
172007.csv,train
204035.csv,train
248364.csv,train
236976.csv,train
228032.csv,train
226801.csv,train
229498.csv,train
163902.csv,train
245390.csv,train
251297.csv,train
245570.csv,train
134990.csv,train
142977.csv,train
133675.csv,train
247908.csv,train
116516.csv,train
133182.csv,train
217006.csv,train
236814.csv,train
229791.csv,train
186011.csv,train
249752.csv,train
259864.csv,train
211335.csv,train
262425.csv,train
244641.csv,train
118349.csv,train
214542.csv,train
224251.csv,train
220091.csv,train
244760.csv,train
152352.csv,train
201853.csv,train
212713.csv,train
236654.csv,train
225499.csv,train
241218.csv,train
125168.csv,train
114035.csv,train
197838.csv,train
144040.csv,train
227740.csv,train
231801.csv,train
158759.csv,train
258486.csv,train
110926.csv,train
118414.csv,train
242379.csv,train
210520.csv,train
166237.csv,train
236534.csv,train
231678.csv,train
133036.csv,train
192260.csv,train
237262.csv,train
148059.csv,train
259144.csv,train
136319.csv,train
191025.csv,train
233046.csv,train
162808.csv,train
253563.csv,train
142166.csv,train
190181.csv,train
214949.csv,train
184290.csv,train
257790.csv,train
164035.csv,train
136542.csv,train
238042.csv,train
260641.csv,train
151304.csv,train
193695.csv,train
243363.csv,train
186036.csv,train
206993.csv,train
189799.csv,train
242830.csv,train
163349.csv,train
219689.csv,train
111785.csv,train
185931.csv,train
187013.csv,train
264335.csv,train
192429.csv,train
245384.csv,train
190240.csv,train
205762.csv,train
202423.csv,train
243800.csv,train
246999.csv,train
202118.csv,train
111359.csv,train
248131.csv,train
226092.csv,train
257329.csv,train
223708.csv,train
223202.csv,train
216637.csv,train
181475.csv,train
263928.csv,train
202116.csv,train
163771.csv,train
241920.csv,train
184066.csv,train
212680.csv,train
247674.csv,train
210831.csv,train
252876.csv,train
245464.csv,train
234112.csv,train
243744.csv,train
148467.csv,train
156172.csv,train
187167.csv,train
111652.csv,train
250966.csv,train
228129.csv,train
207458.csv,train
140573.csv,train
142786.csv,train
205173.csv,train
111875.csv,train
264934.csv,train
206761.csv,train
249390.csv,train
222884.csv,train
165501.csv,train
219803.csv,train
242203.csv,train
196732.csv,train
230764.csv,train
212545.csv,train
232506.csv,train
250561.csv,train
149819.csv,train
237057.csv,train
214964.csv,train
208535.csv,train
229681.csv,train
146831.csv,train
108205.csv,train
245613.csv,train
232831.csv,train
206259.csv,train
260359.csv,train
218709.csv,train
255456.csv,train
203766.csv,train
243076.csv,train
182483.csv,train
188318.csv,train
228541.csv,train
226660.csv,train
234527.csv,train
134837.csv,train
180457.csv,train
198626.csv,train
110718.csv,train
205389.csv,train
202419.csv,train
246451.csv,train
158540.csv,train
257605.csv,train
232978.csv,train
259322.csv,train
145953.csv,train
218610.csv,train
234909.csv,train
187190.csv,train
209104.csv,train
201993.csv,train
165034.csv,train
264717.csv,train
130372.csv,train
243272.csv,train
232819.csv,train
230775.csv,train
144956.csv,train
244945.csv,train
205201.csv,train
246713.csv,train
193337.csv,train
130273.csv,train
157981.csv,train
232837.csv,train
233643.csv,train
188980.csv,train
205433.csv,train
221439.csv,train
226952.csv,train
256036.csv,train
233368.csv,train
209715.csv,train
208228.csv,train
230255.csv,train
259299.csv,train
118925.csv,train
256845.csv,train
206355.csv,train
216315.csv,train
157340.csv,train
265480.csv,train
256595.csv,train
246946.csv,train
254003.csv,train
256772.csv,train
228418.csv,train
96355.csv,train
189527.csv,train
230772.csv,train
219230.csv,train
243108.csv,train
195633.csv,train
224528.csv,train
141151.csv,train
152364.csv,train
220897.csv,train
222418.csv,train
260191.csv,train
237410.csv,train
260162.csv,train
185167.csv,train
227625.csv,train
241837.csv,train
176451.csv,train
184847.csv,train
258500.csv,train
231442.csv,train
160251.csv,train
240706.csv,train
179277.csv,train
206463.csv,train
265134.csv,train
148194.csv,train
213919.csv,train
232174.csv,train
132450.csv,train
175156.csv,train
205170.csv,train
167819.csv,train
185633.csv,train
191997.csv,train
165298.csv,train
241229.csv,train
242962.csv,train
163023.csv,train
181988.csv,train
210204.csv,train
205579.csv,train
216136.csv,train
111769.csv,train
217731.csv,train
198505.csv,train
155708.csv,train
209102.csv,train
158039.csv,train
243249.csv,train
256260.csv,train
178050.csv,train
253611.csv,train
208333.csv,train
121754.csv,train
262075.csv,train
202927.csv,train
119236.csv,train
258646.csv,train
136325.csv,train
221367.csv,train
259536.csv,train
220453.csv,train
171144.csv,train
220142.csv,train
160356.csv,train
217805.csv,train
231046.csv,train
254353.csv,train
130191.csv,train
113138.csv,train
249555.csv,train
232840.csv,train
133759.csv,train
228478.csv,train
242403.csv,train
201333.csv,train
263862.csv,train
233367.csv,train
243261.csv,train
224928.csv,train
257335.csv,train
156982.csv,train
247893.csv,train
184252.csv,train
198872.csv,train
195493.csv,train
217695.csv,train
218757.csv,train
198591.csv,train
202104.csv,train
193819.csv,train
143185.csv,train
202462.csv,train
240103.csv,train
148856.csv,train
132064.csv,train
244926.csv,train
255158.csv,train
227526.csv,train
223620.csv,train
255295.csv,train
209080.csv,train
240851.csv,train
198397.csv,train
174774.csv,train
186348.csv,train
260351.csv,train
246387.csv,train
247384.csv,train
236774.csv,train
258562.csv,train
142331.csv,train
200479.csv,train
189957.csv,train
260040.csv,train
145317.csv,train
153748.csv,train
201390.csv,train
256539.csv,train
146392.csv,train
218726.csv,train
186207.csv,train
93316.csv,train
140383.csv,train
192020.csv,train
218343.csv,train
234274.csv,train
185910.csv,train
257940.csv,train
220901.csv,train
159341.csv,train
159232.csv,train
251588.csv,train
252983.csv,train
251407.csv,train
213408.csv,train
220139.csv,train
136037.csv,train
117458.csv,train
202540.csv,train
225711.csv,train
256875.csv,train
138507.csv,train
202551.csv,train
238073.csv,train
168925.csv,train
131377.csv,train
251380.csv,train
248416.csv,train
218241.csv,train
244301.csv,train
193357.csv,train
240617.csv,train
158682.csv,train
253660.csv,train
212708.csv,train
245656.csv,train
241528.csv,train
176836.csv,train
228463.csv,train
166038.csv,train
245443.csv,train
259909.csv,train
157837.csv,train
257939.csv,train
235442.csv,train
252193.csv,train
190068.csv,train
242627.csv,train
171690.csv,train
200998.csv,train
123209.csv,train
263726.csv,train
132271.csv,train
128500.csv,train
251172.csv,train
259960.csv,train
178267.csv,train
245926.csv,train
232036.csv,train
170093.csv,train
136941.csv,train
260418.csv,train
258759.csv,train
240426.csv,train
188149.csv,train
206353.csv,train
249074.csv,train
249042.csv,train
236239.csv,train
245111.csv,train
163726.csv,train
238975.csv,train
250810.csv,train
262680.csv,train
225641.csv,train
240704.csv,train
240292.csv,train
162843.csv,train
257833.csv,train
241638.csv,train
250816.csv,train
234696.csv,train
229464.csv,train
224803.csv,train
163328.csv,train
159857.csv,train
223589.csv,train
148782.csv,train
266157.csv,train
135008.csv,train
192404.csv,train
220751.csv,train
185873.csv,train
226396.csv,train
108222.csv,train
134905.csv,train
212857.csv,train
143431.csv,train
232321.csv,train
131268.csv,train
239867.csv,train
259209.csv,train
230813.csv,train
181776.csv,train
119651.csv,train
223634.csv,train
262615.csv,train
253967.csv,train
202350.csv,train
131235.csv,train
153414.csv,train
238796.csv,train
264547.csv,train
111783.csv,train
253633.csv,train
219782.csv,train
177584.csv,train
180168.csv,train
145179.csv,train
176323.csv,train
239100.csv,train
213121.csv,train
227659.csv,train
226471.csv,train
259598.csv,train
246688.csv,train
231073.csv,train
136976.csv,train
263934.csv,train
187353.csv,train
246500.csv,train
240708.csv,train
217034.csv,train
194538.csv,train
157495.csv,train
254826.csv,train
249076.csv,train
239744.csv,train
199586.csv,train
168533.csv,train
260380.csv,train
209108.csv,train
181754.csv,train
250605.csv,train
137450.csv,train
186613.csv,train
145370.csv,train
227648.csv,train
257077.csv,train
227192.csv,train
239812.csv,train
250088.csv,train
184713.csv,train
232943.csv,train
125872.csv,train
193582.csv,train
254933.csv,train
227990.csv,train
260638.csv,train
240422.csv,train
223161.csv,train
218679.csv,train
223242.csv,train
204158.csv,train
207766.csv,train
161333.csv,train
114475.csv,train
245217.csv,train
168912.csv,train
260219.csv,train
262867.csv,train
149975.csv,train
164995.csv,train
235430.csv,train
215647.csv,train
165483.csv,train
251470.csv,train
180085.csv,train
106184.csv,train
179328.csv,train
206235.csv,train
246528.csv,train
253377.csv,train
93354.csv,train
264056.csv,train
167630.csv,train
214546.csv,train
197770.csv,train
204935.csv,train
236179.csv,train
121473.csv,train
239266.csv,train
243480.csv,train
167270.csv,train
233055.csv,train
243019.csv,train
226909.csv,train
244345.csv,train
202079.csv,train
234050.csv,train
218284.csv,train
237930.csv,train
265241.csv,train
246028.csv,train
263194.csv,train
177330.csv,train
236183.csv,train
261184.csv,train
218392.csv,train
201046.csv,train
157921.csv,train
182989.csv,train
222850.csv,train
247142.csv,train
202762.csv,train
144070.csv,train
133830.csv,train
232726.csv,train
208589.csv,train
207953.csv,train
154827.csv,train
253403.csv,train
258385.csv,train
222248.csv,train
168518.csv,train
135277.csv,train
155221.csv,train
243281.csv,train
261148.csv,train
157732.csv,train
239155.csv,train
248482.csv,train
194978.csv,train
135162.csv,train
255287.csv,train
238157.csv,train
231313.csv,train
227627.csv,train
138260.csv,train
180859.csv,train
131515.csv,train
248222.csv,train
182772.csv,train
96521.csv,train
257826.csv,train
234600.csv,train
130518.csv,train
121738.csv,train
111695.csv,train
191420.csv,train
260437.csv,train
144260.csv,train
236827.csv,train
249271.csv,train
252699.csv,train
209300.csv,train
209092.csv,train
232483.csv,train
141727.csv,train
221377.csv,train
210764.csv,train
257991.csv,train
257384.csv,train
198295.csv,train
226501.csv,train
209576.csv,train
167972.csv,train
156809.csv,train
112922.csv,train
241274.csv,train
258746.csv,train
259424.csv,train
228439.csv,train
241090.csv,train
250162.csv,train
220047.csv,train
232209.csv,train
240840.csv,train
163187.csv,train
221673.csv,train
183395.csv,train
243169.csv,train
245876.csv,train
259107.csv,train
183157.csv,train
216076.csv,train
246888.csv,train
221584.csv,train
254205.csv,train
255964.csv,train
246428.csv,train
175816.csv,train
219566.csv,train
236640.csv,train
123667.csv,train
212090.csv,train
185737.csv,train
263142.csv,train
243035.csv,train
189372.csv,train
246357.csv,train
259504.csv,train
199656.csv,train
226986.csv,train
231372.csv,train
235490.csv,train
252047.csv,train
197462.csv,train
251287.csv,train
194394.csv,train
157680.csv,train
263936.csv,train
244521.csv,train
232193.csv,train
212490.csv,train
224140.csv,train
185706.csv,train
242779.csv,train
256617.csv,train
225097.csv,train
129427.csv,train
227232.csv,train
207991.csv,train
256046.csv,train
257708.csv,train
260296.csv,train
263560.csv,train
126211.csv,train
206020.csv,train
172309.csv,train
201208.csv,train
132228.csv,train
257579.csv,train
212321.csv,train
257025.csv,train
261899.csv,train
199361.csv,train
256618.csv,train
256498.csv,train
159621.csv,train
163254.csv,train
204599.csv,train
218324.csv,train
129135.csv,train
218037.csv,train
148566.csv,train
259695.csv,train
175619.csv,train
165409.csv,train
142852.csv,train
172564.csv,train
258686.csv,train
192639.csv,train
240120.csv,train
149209.csv,train
132920.csv,train
256297.csv,train
212447.csv,train
199240.csv,train
231378.csv,train
179634.csv,train
208476.csv,train
240915.csv,train
254412.csv,train
261845.csv,train
200833.csv,train
256874.csv,train
111747.csv,train
260614.csv,train
262238.csv,train
252159.csv,train
249031.csv,train
220936.csv,train
227811.csv,train
217920.csv,train
209197.csv,train
229950.csv,train
111663.csv,train
143388.csv,train
172367.csv,train
244121.csv,train
226759.csv,train
254855.csv,train
261979.csv,train
201254.csv,train
262869.csv,train
246316.csv,train
157168.csv,train
156519.csv,train
239560.csv,train
247913.csv,train
183276.csv,train
245283.csv,train
251842.csv,train
231550.csv,train
210431.csv,train
243203.csv,train
172753.csv,train
112824.csv,train
234217.csv,train
173830.csv,train
245452.csv,train
136065.csv,train
117901.csv,train
204086.csv,train
235862.csv,train
250081.csv,train
207980.csv,train
225157.csv,train
207977.csv,train
216577.csv,train
227121.csv,train
214409.csv,train
192427.csv,train
226855.csv,train
179927.csv,train
121858.csv,train
218710.csv,train
141366.csv,train
253053.csv,train
223873.csv,train
260877.csv,train
237558.csv,train
196795.csv,train
239819.csv,train
250098.csv,train
218597.csv,train
134103.csv,train
216520.csv,train
233932.csv,train
214032.csv,train
249644.csv,train
185503.csv,train
240025.csv,train
249869.csv,train
166102.csv,train
243180.csv,train
144561.csv,train
250676.csv,train
114958.csv,train
211112.csv,train
256718.csv,train
245395.csv,train
218100.csv,train
187196.csv,train
248723.csv,train
239370.csv,train
185492.csv,train
254453.csv,train
232956.csv,train
253349.csv,train
210786.csv,train
252604.csv,train
236808.csv,train
262091.csv,train
257195.csv,train
240776.csv,train
192817.csv,train
164063.csv,train
220708.csv,train
240744.csv,train
192264.csv,train
234132.csv,train
265002.csv,train
132470.csv,train
214642.csv,train
246490.csv,train
249576.csv,train
250370.csv,train
170690.csv,train
214466.csv,train
178169.csv,train
144902.csv,train
205811.csv,train
214435.csv,train
126630.csv,train
261348.csv,train
222752.csv,train
254476.csv,train
219435.csv,train
243776.csv,train
233699.csv,train
263412.csv,train
191779.csv,train
235922.csv,train
231537.csv,train
236155.csv,train
222146.csv,train
253944.csv,train
162298.csv,train
194079.csv,train
191275.csv,train
182387.csv,train
216790.csv,train
220087.csv,train
174722.csv,train
181734.csv,train
242827.csv,train
209949.csv,train
225186.csv,train
242572.csv,train
247747.csv,train
218171.csv,train
228102.csv,train
207897.csv,train
215264.csv,train
232751.csv,train
239698.csv,train
262834.csv,train
147986.csv,train
231189.csv,train
239080.csv,train
143240.csv,train
255021.csv,train
260195.csv,train
211177.csv,train
264560.csv,train
139016.csv,train
135037.csv,train
223805.csv,train
260925.csv,train
239739.csv,train
180828.csv,train
253132.csv,train
192174.csv,train
240764.csv,train
244105.csv,train
176316.csv,train
190429.csv,train
244513.csv,train
146359.csv,train
255284.csv,train
163744.csv,train
182791.csv,train
241721.csv,train
211282.csv,train
207595.csv,train
230149.csv,train
236467.csv,train
253902.csv,train
162877.csv,train
257320.csv,train
134760.csv,train
192348.csv,train
170867.csv,train
130323.csv,train
116131.csv,train
253489.csv,train
256609.csv,train
175414.csv,train
261321.csv,train
244940.csv,train
251561.csv,train
134173.csv,train
189260.csv,train
243815.csv,train
168579.csv,train
216494.csv,train
182816.csv,train
252941.csv,train
194271.csv,train
150596.csv,train
239099.csv,train
254716.csv,train
231105.csv,train
235946.csv,train
249171.csv,train
186150.csv,train
145636.csv,train
201040.csv,train
176218.csv,train
257412.csv,train
243062.csv,train
255149.csv,train
226492.csv,train
209224.csv,train
249255.csv,train
143679.csv,train
253779.csv,train
250515.csv,train
150982.csv,train
255263.csv,train
108207.csv,train
213679.csv,train
132787.csv,train
126676.csv,train
215376.csv,train
258299.csv,train
156009.csv,train
249889.csv,train
220841.csv,train
256523.csv,train
239589.csv,train
242194.csv,train
216368.csv,train
162187.csv,train
233082.csv,train
242587.csv,train
113250.csv,train
212396.csv,train
212058.csv,train
209162.csv,train
240857.csv,train
244549.csv,train
202072.csv,train
135374.csv,train
235521.csv,train
247013.csv,train
251879.csv,train
218271.csv,train
209314.csv,train
157795.csv,train
135033.csv,train
245989.csv,train
244393.csv,train
201311.csv,train
194231.csv,train
114197.csv,train
222869.csv,train
232248.csv,train
116643.csv,train
243411.csv,train
191261.csv,train
244649.csv,train
129514.csv,train
134328.csv,train
185037.csv,train
216784.csv,train
136455.csv,train
217431.csv,train
135575.csv,train
233094.csv,train
231418.csv,train
236213.csv,train
136171.csv,train
208735.csv,train
242492.csv,train
113135.csv,train
166462.csv,train
143753.csv,train
172828.csv,train
209877.csv,train
249470.csv,train
186444.csv,train
230908.csv,train
175576.csv,train
264037.csv,train
249319.csv,train
190713.csv,train
110396.csv,train
229052.csv,train
134831.csv,train
129340.csv,train
188399.csv,train
222346.csv,train
134542.csv,train
237268.csv,train
196209.csv,train
229910.csv,train
202811.csv,train
198167.csv,train
146300.csv,train
151602.csv,train
243916.csv,train
141014.csv,train
227639.csv,train
133283.csv,train
251598.csv,train
238691.csv,train
220858.csv,train
213207.csv,train
177149.csv,train
162642.csv,train
194677.csv,train
211386.csv,train
107998.csv,train
248256.csv,train
246887.csv,train
200102.csv,train
256868.csv,train
235528.csv,train
234857.csv,train
249400.csv,train
240774.csv,train
168816.csv,train
258742.csv,train
197238.csv,train
241849.csv,train
262366.csv,train
132196.csv,train
254709.csv,train
232064.csv,train
147283.csv,train
194257.csv,train
227852.csv,train
250859.csv,train
195921.csv,train
231090.csv,train
206756.csv,train
119373.csv,train
232692.csv,train
204242.csv,train
184614.csv,train
175410.csv,train
235514.csv,train
120763.csv,train
254209.csv,train
234041.csv,train
137278.csv,train
216260.csv,train
169382.csv,train
139685.csv,train
123085.csv,train
235733.csv,train
142295.csv,train
249413.csv,train
110483.csv,train
208262.csv,train
259675.csv,train
177189.csv,train
135053.csv,train
251433.csv,train
203755.csv,train
235794.csv,train
229201.csv,train
232888.csv,train
190836.csv,train
233683.csv,train
175491.csv,train
257535.csv,train
226554.csv,train
192299.csv,train
242801.csv,train
257810.csv,train
113114.csv,train
220036.csv,train
209399.csv,train
234565.csv,train
209973.csv,train
214941.csv,train
223306.csv,train
210555.csv,train
246531.csv,train
260591.csv,train
204261.csv,train
218748.csv,train
243797.csv,train
212838.csv,train
140835.csv,train
238878.csv,train
112779.csv,train
152450.csv,train
254976.csv,train
223718.csv,train
192372.csv,train
225983.csv,train
264739.csv,train
252133.csv,train
227722.csv,train
191947.csv,train
241873.csv,train
163578.csv,train
178060.csv,train
228197.csv,train
148041.csv,train
256454.csv,train
198904.csv,train
188665.csv,train
197983.csv,train
144045.csv,train
183862.csv,train
161111.csv,train
223390.csv,train
183106.csv,train
105586.csv,train
214159.csv,train
177403.csv,train
201122.csv,train
216151.csv,train
257498.csv,train
195394.csv,train
190310.csv,train
166183.csv,train
233670.csv,train
139029.csv,train
226074.csv,train
201703.csv,train
200788.csv,train
232180.csv,train
183813.csv,train
184923.csv,train
251812.csv,train
163476.csv,train
233011.csv,train
258033.csv,train
186705.csv,train
150831.csv,train
250187.csv,train
198422.csv,train
229980.csv,train
206663.csv,train
252702.csv,train
173188.csv,train
162979.csv,train
107686.csv,train
260826.csv,train
178846.csv,train
253336.csv,train
185318.csv,train
263435.csv,train
180934.csv,train
175401.csv,train
206138.csv,train
233337.csv,train
235549.csv,train
262417.csv,train
254344.csv,train
168955.csv,train
191931.csv,train
255042.csv,train
180361.csv,train
258736.csv,train
226172.csv,train
206442.csv,train
186805.csv,train
196722.csv,train
232386.csv,train
217463.csv,train
147452.csv,train
213480.csv,train
260924.csv,train
214214.csv,train
200473.csv,train
147429.csv,train
234561.csv,train
202443.csv,train
121692.csv,train
242101.csv,train
260840.csv,train
264307.csv,train
231143.csv,train
151508.csv,train
203094.csv,train
243793.csv,train
112553.csv,train
216355.csv,train
93353.csv,train
197633.csv,train
138059.csv,train
221188.csv,train
264097.csv,train
223356.csv,train
217065.csv,train
243414.csv,train
198690.csv,train
246070.csv,train
206161.csv,train
216944.csv,train
163688.csv,train
207610.csv,train
247625.csv,train
242532.csv,train
234203.csv,train
193673.csv,train
229296.csv,train
234240.csv,train
224895.csv,train
262985.csv,train
265044.csv,train
219843.csv,train
250508.csv,train
261112.csv,train
217881.csv,train
135198.csv,train
236153.csv,train
261762.csv,train
142246.csv,train
229755.csv,train
249303.csv,train
258634.csv,train
243595.csv,train
173101.csv,train
168904.csv,train
206023.csv,train
114728.csv,train
198532.csv,train
217738.csv,train
145577.csv,train
176754.csv,train
213707.csv,train
94129.csv,train
242551.csv,train
230278.csv,train
260017.csv,train
254342.csv,train
218189.csv,train
220115.csv,train
244741.csv,train
252060.csv,train
206095.csv,train
213233.csv,train
238293.csv,train
163028.csv,train
221425.csv,train
257661.csv,train
238741.csv,train
142814.csv,train
238469.csv,train
94204.csv,train
174428.csv,train
250329.csv,train
261647.csv,train
235855.csv,train
177045.csv,train
191255.csv,train
230407.csv,train
254517.csv,train
244947.csv,train
166978.csv,train
136696.csv,train
242808.csv,train
166339.csv,train
230825.csv,train
215802.csv,train
242351.csv,train
209681.csv,train
206037.csv,train
201312.csv,train
191452.csv,train
170638.csv,train
249090.csv,train
265065.csv,train
216411.csv,train
242522.csv,train
219223.csv,train
247048.csv,train
242083.csv,train
229609.csv,train
154297.csv,train
112003.csv,train
124819.csv,train
264919.csv,train
163878.csv,train
230709.csv,train
233703.csv,train
186657.csv,train
233965.csv,train
238740.csv,train
242622.csv,train
136707.csv,train
196983.csv,train
259373.csv,train
224311.csv,train
164003.csv,train
241461.csv,train
242641.csv,train
232269.csv,train
148929.csv,train
262023.csv,train
248076.csv,train
234944.csv,train
134350.csv,train
225005.csv,train
242362.csv,train
263354.csv,train
129442.csv,train
244515.csv,train
144846.csv,train
179707.csv,train
130100.csv,train
251273.csv,train
257607.csv,train
146268.csv,train
125724.csv,train
206547.csv,train
245004.csv,train
230724.csv,train
218009.csv,train
163906.csv,train
196331.csv,train
206920.csv,train
228361.csv,train
258177.csv,train
135286.csv,train
232838.csv,train
232255.csv,train
191461.csv,train
208629.csv,train
249387.csv,train
177133.csv,train
244739.csv,train
232633.csv,train
162113.csv,train
184882.csv,train
207162.csv,train
193341.csv,train
160011.csv,train
174401.csv,train
169521.csv,train
152568.csv,train
235437.csv,train
200133.csv,train
230630.csv,train
205076.csv,train
262705.csv,train
228688.csv,train
258289.csv,train
172054.csv,train
224889.csv,train
242657.csv,train
256826.csv,train
126117.csv,train
198168.csv,train
250522.csv,train
255460.csv,train
226249.csv,train
208158.csv,train
116190.csv,train
203189.csv,train
216618.csv,train
230237.csv,train
178204.csv,train
134283.csv,train
213669.csv,train
249094.csv,train
206702.csv,train
245092.csv,train
237002.csv,train
238973.csv,train
251585.csv,train
130180.csv,train
228373.csv,train
233887.csv,train
247916.csv,train
197132.csv,train
210003.csv,train
221443.csv,train
185144.csv,train
164838.csv,train
114163.csv,train
261493.csv,train
171703.csv,train
227537.csv,train
227856.csv,train
241096.csv,train
218444.csv,train
239424.csv,train
244244.csv,train
244443.csv,train
236064.csv,train
176796.csv,train
145602.csv,train
182522.csv,train
222217.csv,train
188831.csv,train
187719.csv,train
112469.csv,train
238367.csv,train
199117.csv,train
245918.csv,train
142049.csv,train
231796.csv,train
206294.csv,train
190779.csv,train
240877.csv,train
131632.csv,train
205028.csv,train
264202.csv,train
164758.csv,train
175108.csv,train
223448.csv,train
251313.csv,train
263696.csv,train
207987.csv,train
107849.csv,train
198156.csv,train
130361.csv,train
237971.csv,train
192471.csv,train
225248.csv,train
240346.csv,train
243306.csv,train
190695.csv,train
223912.csv,train
261566.csv,train
214646.csv,train
114280.csv,train
193407.csv,train
190039.csv,train
243400.csv,train
117487.csv,train
245361.csv,train
105255.csv,train
199377.csv,train
256774.csv,train
264580.csv,train
250798.csv,train
233380.csv,train
232711.csv,train
245944.csv,train
157253.csv,train
157027.csv,train
185352.csv,train
108295.csv,train
98629.csv,train
188707.csv,train
249270.csv,train
251352.csv,train
253531.csv,train
210803.csv,train
194968.csv,train
244352.csv,train
130937.csv,train
153741.csv,train
197778.csv,train
219787.csv,train
243533.csv,train
241531.csv,train
226806.csv,train
229465.csv,train
239244.csv,train
261291.csv,train
254493.csv,train
235500.csv,train
250533.csv,train
184483.csv,train
188190.csv,train
239706.csv,train
134286.csv,train
252129.csv,train
242911.csv,train
96473.csv,train
258325.csv,train
245717.csv,train
114042.csv,train
135904.csv,train
172206.csv,train
148656.csv,train
250226.csv,train
257036.csv,train
203941.csv,train
147312.csv,train
188103.csv,train
264464.csv,train
177228.csv,train
221113.csv,train
235267.csv,train
238154.csv,train
219021.csv,train
247205.csv,train
139507.csv,train
246143.csv,train
213029.csv,train
247612.csv,train
200586.csv,train
250538.csv,train
254086.csv,train
264605.csv,train
177395.csv,train
262534.csv,train
183407.csv,train
155005.csv,train
255668.csv,train
234973.csv,train
170570.csv,train
134149.csv,train
153754.csv,train
170527.csv,train
230794.csv,train
147906.csv,train
265252.csv,train
170568.csv,train
200073.csv,train
216940.csv,train
260046.csv,train
251242.csv,train
259580.csv,train
256207.csv,train
194373.csv,train
191320.csv,train
218582.csv,train
245764.csv,train
144226.csv,train
242430.csv,train
120713.csv,train
133507.csv,train
117078.csv,train
187504.csv,train
238322.csv,train
260807.csv,train
157695.csv,train
233769.csv,train
149853.csv,train
163027.csv,train
239070.csv,train
204874.csv,train
121286.csv,train
117046.csv,train
214909.csv,train
141758.csv,train
240348.csv,train
226650.csv,train
255867.csv,train
207502.csv,train
237096.csv,train
134375.csv,train
248488.csv,train
222994.csv,train
211974.csv,train
149641.csv,train
251678.csv,train
220235.csv,train
188874.csv,train
264646.csv,train
230873.csv,train
196817.csv,train
175514.csv,train
251212.csv,train
250112.csv,train
229739.csv,train
244978.csv,train
244379.csv,train
230981.csv,train
238583.csv,train
104878.csv,train
236042.csv,train
173709.csv,train
165589.csv,train
203724.csv,train
222719.csv,train
219365.csv,train
227443.csv,train
245095.csv,train
145007.csv,train
227500.csv,train
115489.csv,train
263577.csv,train
258132.csv,train
144010.csv,train
155474.csv,train
183278.csv,train
187226.csv,train
210623.csv,train
243856.csv,train
228740.csv,train
138871.csv,train
149260.csv,train
135801.csv,train
245906.csv,train
238984.csv,train
208009.csv,train
184236.csv,train
253261.csv,train
201337.csv,train
255131.csv,train
208841.csv,train
131313.csv,train
144953.csv,train
258366.csv,train
105542.csv,train
130154.csv,train
191487.csv,train
242454.csv,train
249027.csv,train
177413.csv,train
249564.csv,train
224185.csv,train
132919.csv,train
136961.csv,train
250857.csv,train
231893.csv,train
156366.csv,train
227169.csv,train
142592.csv,train
232083.csv,train
176780.csv,train
208194.csv,train
240208.csv,train
184018.csv,train
241026.csv,train
161266.csv,train
210262.csv,train
247607.csv,train
172169.csv,train
229985.csv,train
201292.csv,train
117946.csv,train
230948.csv,train
257387.csv,train
137654.csv,train
260213.csv,train
223624.csv,train
207466.csv,train
135167.csv,train
170308.csv,train
181943.csv,train
206923.csv,train
172360.csv,train
185180.csv,train
148735.csv,train
237125.csv,train
151519.csv,train
202961.csv,train
201457.csv,train
234652.csv,train
220574.csv,train
133805.csv,train
125265.csv,train
260563.csv,train
253742.csv,train
202639.csv,train
244351.csv,train
244011.csv,train
167104.csv,train
99080.csv,train
232118.csv,train
143756.csv,train
230980.csv,train
252659.csv,train
253157.csv,train
231224.csv,train
249302.csv,train
118040.csv,train
203125.csv,train
238057.csv,train
227925.csv,train
250016.csv,train
248644.csv,train
217188.csv,train
115401.csv,train
230632.csv,train
252072.csv,train
200048.csv,train
247646.csv,train
245303.csv,train
222382.csv,train
188153.csv,train
246983.csv,train
206173.csv,train
205380.csv,train
252429.csv,train
237692.csv,train
240495.csv,train
116924.csv,train
226723.csv,train
172395.csv,train
227980.csv,train
172516.csv,train
115428.csv,train
109496.csv,train
260864.csv,train
233567.csv,train
240299.csv,train
167138.csv,train
229280.csv,train
211663.csv,train
124824.csv,train
179354.csv,train
191758.csv,train
155264.csv,train
201286.csv,train
244186.csv,train
241471.csv,train
212355.csv,train
114954.csv,train
261262.csv,train
225897.csv,train
257475.csv,train
186013.csv,train
252677.csv,train
130713.csv,train
247817.csv,train
245819.csv,train
245615.csv,train
214134.csv,train
221723.csv,train
264576.csv,train
264602.csv,train
165331.csv,train
146874.csv,train
235913.csv,train
178508.csv,train
115821.csv,train
260661.csv,train
144409.csv,train
148781.csv,train
205029.csv,train
163718.csv,train
255975.csv,train
247959.csv,train
259696.csv,train
244804.csv,train
254013.csv,train
246136.csv,train
204993.csv,train
252134.csv,train
261535.csv,train
261410.csv,train
241953.csv,train
253195.csv,train
171766.csv,train
175137.csv,train
196482.csv,train
246797.csv,train
254742.csv,train
251787.csv,train
242069.csv,train
178538.csv,train
261343.csv,train
255232.csv,train
196865.csv,train
127486.csv,train
257235.csv,train
237871.csv,train
185927.csv,train
190588.csv,train
191987.csv,train
208912.csv,train
229573.csv,train
104723.csv,train
216391.csv,train
179904.csv,train
235623.csv,train
208462.csv,train
140439.csv,train
159873.csv,train
179688.csv,train
205930.csv,train
251590.csv,train
103883.csv,train
204572.csv,train
205325.csv,train
140101.csv,train
219041.csv,train
218322.csv,train
216844.csv,train
157548.csv,train
210176.csv,train
229439.csv,train
225999.csv,train
128487.csv,train
114748.csv,train
133367.csv,train
158493.csv,train
232561.csv,train
232313.csv,train
133803.csv,train
204779.csv,train
202898.csv,train
253086.csv,train
234077.csv,train
217063.csv,train
139052.csv,train
257264.csv,train
259379.csv,train
204909.csv,train
144813.csv,train
249024.csv,train
202569.csv,train
148245.csv,train
192184.csv,train
263683.csv,train
186241.csv,train
144766.csv,train
159514.csv,train
158422.csv,train
223059.csv,train
231306.csv,train
222903.csv,train
215073.csv,train
215239.csv,train
162120.csv,train
256681.csv,train
142089.csv,train
248056.csv,train
220785.csv,train
206206.csv,train
207941.csv,train
185229.csv,train
161878.csv,train
187541.csv,train
204427.csv,train
232697.csv,train
231419.csv,train
189341.csv,train
213868.csv,train
227666.csv,train
145440.csv,train
208156.csv,train
241254.csv,train
260432.csv,train
245288.csv,train
205033.csv,train
205502.csv,train
237317.csv,train
136379.csv,train
243671.csv,train
130934.csv,train
253688.csv,train
208933.csv,train
135210.csv,train
204411.csv,train
201835.csv,train
229234.csv,train
261628.csv,train
201357.csv,train
122496.csv,train
240301.csv,train
203221.csv,train
247089.csv,train
114576.csv,train
147186.csv,train
254660.csv,train
257299.csv,train
209993.csv,train
151285.csv,train
238821.csv,train
186831.csv,train
257315.csv,train
229116.csv,train
261857.csv,train
132667.csv,train
221818.csv,train
231048.csv,train
126457.csv,train
106361.csv,train
247835.csv,train
228616.csv,train
197463.csv,train
168497.csv,train
219026.csv,train
247255.csv,train
206881.csv,train
233119.csv,train
194823.csv,train
238769.csv,train
200934.csv,train
206477.csv,train
213045.csv,train
156001.csv,train
211720.csv,train
260679.csv,train
258681.csv,train
179737.csv,train
250726.csv,train
205391.csv,train
260115.csv,train
132730.csv,train
240574.csv,train
160503.csv,train
172059.csv,train
258618.csv,train
205271.csv,train
202593.csv,train
185563.csv,train
231067.csv,train
238713.csv,train
215531.csv,train
245835.csv,train
116220.csv,train
207349.csv,train
196030.csv,train
168736.csv,train
206928.csv,train
178070.csv,train
187064.csv,train
232111.csv,train
107665.csv,train
246168.csv,train
238943.csv,train
222043.csv,train
159070.csv,train
245509.csv,train
179584.csv,train
250563.csv,train
207436.csv,train
252155.csv,train
154485.csv,train
196267.csv,train
253213.csv,train
225776.csv,train
236533.csv,train
165718.csv,train
190470.csv,train
259808.csv,train
188868.csv,train
213844.csv,train
249110.csv,train
236061.csv,train
228564.csv,train
253408.csv,train
216081.csv,train
121437.csv,train
243052.csv,train
256047.csv,train
242912.csv,train
150024.csv,train
249720.csv,train
204385.csv,train
264169.csv,train
186211.csv,train
205728.csv,train
155200.csv,train
258599.csv,train
258856.csv,train
212054.csv,train
192510.csv,train
259671.csv,train
201527.csv,train
239285.csv,train
130581.csv,train
172947.csv,train
231133.csv,train
195640.csv,train
253153.csv,train
247100.csv,train
226047.csv,train
229200.csv,train
234822.csv,train
144136.csv,train
246140.csv,train
239917.csv,train
255583.csv,train
140378.csv,train
210999.csv,train
255818.csv,train
244169.csv,train
202155.csv,train
134301.csv,train
246927.csv,train
230985.csv,train
158267.csv,train
250873.csv,train
234139.csv,train
202967.csv,train
136781.csv,train
157747.csv,train
231502.csv,train
129434.csv,train
193515.csv,train
135766.csv,train
130328.csv,train
243741.csv,train
240697.csv,train
112904.csv,train
203547.csv,train
210847.csv,train
243980.csv,train
205491.csv,train
254480.csv,train
199265.csv,train
143295.csv,train
199835.csv,train
229160.csv,train
264916.csv,train
215637.csv,train
158685.csv,train
198603.csv,train
210105.csv,train
166332.csv,train
211729.csv,train
228801.csv,train
230542.csv,train
114920.csv,train
143049.csv,train
264229.csv,train
164358.csv,train
174413.csv,train
184719.csv,train
171379.csv,train
210605.csv,train
199386.csv,train
228583.csv,train
194161.csv,train
237429.csv,train
221538.csv,train
107052.csv,train
232230.csv,train
173058.csv,train
120762.csv,train
220912.csv,train
216810.csv,train
232548.csv,train
230718.csv,train
229378.csv,train
222165.csv,train
231691.csv,train
206264.csv,train
241550.csv,train
254383.csv,train
260537.csv,train
190190.csv,train
156745.csv,train
255547.csv,train
202563.csv,train
98293.csv,train
129588.csv,train
194571.csv,train
218968.csv,train
162368.csv,train
227991.csv,train
231957.csv,train
250664.csv,train
233206.csv,train
258056.csv,train
259890.csv,train
207866.csv,train
223319.csv,train
200150.csv,train
220832.csv,train
237890.csv,train
208733.csv,train
191075.csv,train
198920.csv,train
251643.csv,train
227821.csv,train
263341.csv,train
199625.csv,train
197404.csv,train
230975.csv,train
231541.csv,train
223801.csv,train
258098.csv,train
154936.csv,train
210403.csv,train
192830.csv,train
215454.csv,train
105792.csv,train
258463.csv,train
185036.csv,train
237763.csv,train
152624.csv,train
243775.csv,train
178544.csv,train
223244.csv,train
197739.csv,train
184951.csv,train
261360.csv,train
187661.csv,train
220831.csv,train
263685.csv,train
185118.csv,train
216395.csv,train
208144.csv,train
187853.csv,train
184087.csv,train
252474.csv,train
235515.csv,train
249820.csv,train
218465.csv,train
185951.csv,train
230770.csv,train
191473.csv,train
248931.csv,train
139172.csv,train
262386.csv,train
205050.csv,train
234399.csv,train
107476.csv,train
243282.csv,train
135583.csv,train
246824.csv,train
247989.csv,train
231455.csv,train
184364.csv,train
175322.csv,train
251256.csv,train
197976.csv,train
146239.csv,train
265666.csv,train
190393.csv,train
260786.csv,train
262597.csv,train
237607.csv,train
255381.csv,train
185881.csv,train
252555.csv,train
182593.csv,train
178189.csv,train
209127.csv,train
169029.csv,train
222583.csv,train
180329.csv,train
201077.csv,train
229507.csv,train
185557.csv,train
154782.csv,train
218243.csv,train
228139.csv,train
134107.csv,train
175191.csv,train
198315.csv,train
239552.csv,train
261072.csv,train
120885.csv,train
248991.csv,train
176623.csv,train
231937.csv,train
164119.csv,train
246129.csv,train
182367.csv,train
193977.csv,train
263075.csv,train
106333.csv,train
229375.csv,train
238240.csv,train
173154.csv,train
226220.csv,train
185848.csv,train
221387.csv,train
207061.csv,train
232190.csv,train
246287.csv,train
168857.csv,train
227753.csv,train
252284.csv,train
147449.csv,train
186952.csv,train
199789.csv,train
202960.csv,train
179520.csv,train
163874.csv,train
257825.csv,train
187472.csv,train
140160.csv,train
263764.csv,train
139821.csv,train
231590.csv,train
257509.csv,train
240518.csv,train
262993.csv,train
249333.csv,train
137900.csv,train
151049.csv,train
248172.csv,train
124120.csv,train
205697.csv,train
204878.csv,train
192405.csv,train
170711.csv,train
219530.csv,train
213541.csv,train
221643.csv,train
218303.csv,train
134062.csv,train
201743.csv,train
249679.csv,train
182574.csv,train
260004.csv,train
252447.csv,train
186796.csv,train
132662.csv,train
197969.csv,train
170493.csv,train
240663.csv,train
216943.csv,train
201240.csv,train
262900.csv,train
252423.csv,train
246087.csv,train
209128.csv,train
211020.csv,train
225962.csv,train
206350.csv,train
236310.csv,train
232542.csv,train
222575.csv,train
208057.csv,train
260326.csv,train
265148.csv,train
245933.csv,train
243880.csv,train
262959.csv,train
214682.csv,train
252956.csv,train
201138.csv,train
208043.csv,train
239041.csv,train
172682.csv,train
239226.csv,train
244816.csv,train
239693.csv,train
141700.csv,train
237126.csv,train
247287.csv,train
203332.csv,train
155266.csv,train
183679.csv,train
255799.csv,train
181772.csv,train
188461.csv,train
196306.csv,train
244933.csv,train
225642.csv,train
128068.csv,train
205105.csv,train
198001.csv,train
236975.csv,train
251581.csv,train
256836.csv,train
262392.csv,train
182546.csv,train
229189.csv,train
256042.csv,train
135938.csv,train
199471.csv,train
255112.csv,train
173822.csv,train
242823.csv,train
162801.csv,train
248876.csv,train
188469.csv,train
247419.csv,train
252840.csv,train
260936.csv,train
227533.csv,train
242766.csv,train
113612.csv,train
256959.csv,train
187513.csv,train
170410.csv,train
240573.csv,train
171237.csv,train
225691.csv,train
251587.csv,train
251012.csv,train
180004.csv,train
259991.csv,train
158377.csv,train
234590.csv,train
139043.csv,train
152318.csv,train
235118.csv,train
189963.csv,train
189140.csv,train
213091.csv,train
229493.csv,train
235856.csv,train
207473.csv,train
234766.csv,train
187800.csv,train
235531.csv,train
246476.csv,train
208329.csv,train
264992.csv,train
245943.csv,train
222223.csv,train
198902.csv,train
263533.csv,train
212918.csv,train
212375.csv,train
129687.csv,train
196365.csv,train
216750.csv,train
206386.csv,train
212499.csv,train
209170.csv,train
250892.csv,train
171508.csv,train
217490.csv,train
265112.csv,train
223456.csv,train
234336.csv,train
208409.csv,train
231545.csv,train
203804.csv,train
201278.csv,train
232437.csv,train
250289.csv,train
144880.csv,train
179996.csv,train
254840.csv,train
130916.csv,train
234449.csv,train
178308.csv,train
133753.csv,train
224020.csv,train
242320.csv,train
219436.csv,train
113140.csv,train
136427.csv,train
120003.csv,train
186646.csv,train
241820.csv,train
172436.csv,train
228382.csv,train
168137.csv,train
128214.csv,train
264060.csv,train
156629.csv,train
199388.csv,train
247119.csv,train
216398.csv,train
259222.csv,train
138433.csv,train
160630.csv,train
169092.csv,train
252103.csv,train
245653.csv,train
249883.csv,train
244115.csv,train
248161.csv,train
194269.csv,train
252788.csv,train
249128.csv,train
108612.csv,train
134576.csv,train
161228.csv,train
264061.csv,train
239832.csv,train
160923.csv,train
220223.csv,train
206412.csv,train
242768.csv,train
213676.csv,train
169281.csv,train
196224.csv,train
264704.csv,train
245729.csv,train
237993.csv,train
230814.csv,train
169590.csv,train
219394.csv,train
204434.csv,train
168279.csv,train
243602.csv,train
199746.csv,train
112059.csv,train
222275.csv,train
211398.csv,train
205605.csv,train
242049.csv,train
263024.csv,train
254883.csv,train
118210.csv,train
257877.csv,train
218612.csv,train
250477.csv,train
201374.csv,train
207615.csv,train
117441.csv,train
93297.csv,train
104803.csv,train
241508.csv,train
261507.csv,train
239181.csv,train
179207.csv,train
188278.csv,train
115271.csv,train
240973.csv,train
249902.csv,train
136841.csv,train
251732.csv,train
221098.csv,train
132728.csv,train
213263.csv,train
138940.csv,train
170703.csv,train
244034.csv,train
167971.csv,train
195116.csv,train
210506.csv,train
248552.csv,train
172618.csv,train
146643.csv,train
250148.csv,train
258801.csv,train
190989.csv,train
215990.csv,train
220781.csv,train
193558.csv,train
186656.csv,train
131935.csv,train
226510.csv,train
233436.csv,train
224454.csv,train
231900.csv,train
254109.csv,train
244652.csv,train
232695.csv,train
261261.csv,train
195331.csv,train
238899.csv,train
166048.csv,train
187381.csv,train
262860.csv,train
248074.csv,train
192724.csv,train
236632.csv,train
262945.csv,train
160700.csv,train
228013.csv,train
209021.csv,train
168584.csv,train
208754.csv,train
251079.csv,train
211954.csv,train
252112.csv,train
134860.csv,train
234073.csv,train
96431.csv,train
179474.csv,train
221665.csv,train
226482.csv,train
142714.csv,train
196400.csv,train
229056.csv,train
257263.csv,train
261867.csv,train
113967.csv,train
162594.csv,train
248300.csv,train
125870.csv,train
174444.csv,train
215717.csv,train
232172.csv,train
231808.csv,train
243255.csv,train
199745.csv,train
149669.csv,train
226766.csv,train
242690.csv,train
197970.csv,train
222747.csv,train
248010.csv,train
209980.csv,train
198680.csv,train
165407.csv,train
194887.csv,train
232042.csv,train
211220.csv,train
218885.csv,train
263651.csv,train
214661.csv,train
260389.csv,train
252537.csv,train
245433.csv,train
231421.csv,train
262906.csv,train
255617.csv,train
248339.csv,train
137431.csv,train
242344.csv,train
244906.csv,train
215822.csv,train
190308.csv,train
190682.csv,train
206492.csv,train
255281.csv,train
171239.csv,train
238412.csv,train
249353.csv,train
226124.csv,train
113158.csv,train
261046.csv,train
198963.csv,train
227060.csv,train
180624.csv,train
172754.csv,train
249872.csv,train
207538.csv,train
258675.csv,train
105525.csv,train
213103.csv,train
249050.csv,train
225638.csv,train
94284.csv,train
165441.csv,train
167178.csv,train
222001.csv,train
232505.csv,train
157935.csv,train
162696.csv,train
220903.csv,train
148396.csv,train
204577.csv,train
233150.csv,train
248567.csv,train
245594.csv,train
216542.csv,train
198357.csv,train
223479.csv,train
241227.csv,train
245960.csv,train
234755.csv,train
247439.csv,train
247741.csv,train
216059.csv,train
250330.csv,train
252066.csv,train
134983.csv,train
215789.csv,train
235123.csv,train
263372.csv,train
112343.csv,train
134998.csv,train
104391.csv,train
147267.csv,train
163738.csv,train
98382.csv,train
227273.csv,train
232368.csv,train
145001.csv,train
241280.csv,train
192270.csv,train
192811.csv,train
203939.csv,train
210270.csv,train
194792.csv,train
240355.csv,train
248303.csv,train
202913.csv,train
136371.csv,train
174468.csv,train
240516.csv,train
199527.csv,train
264745.csv,train
158604.csv,train
168853.csv,train
202494.csv,train
225684.csv,train
257900.csv,train
208845.csv,train
254022.csv,train
202212.csv,train
230849.csv,train
254384.csv,train
191132.csv,train
219762.csv,train
226077.csv,train
241904.csv,train
255459.csv,train
223693.csv,train
221180.csv,train
122995.csv,train
221691.csv,train
232164.csv,train
243063.csv,train
149884.csv,train
195233.csv,train
234384.csv,train
195630.csv,train
171070.csv,train
239957.csv,train
208070.csv,train
227867.csv,train
245848.csv,train
190054.csv,train
163943.csv,train
125481.csv,train
197611.csv,train
219288.csv,train
185247.csv,train
263508.csv,train
263916.csv,train
217640.csv,train
177822.csv,train
176494.csv,train
170067.csv,train
237666.csv,train
213214.csv,train
244587.csv,train
235843.csv,train
222876.csv,train
246859.csv,train
211725.csv,train
228283.csv,train
260325.csv,train
242549.csv,train
214974.csv,train
199227.csv,train
243050.csv,train
259863.csv,train
234629.csv,train
205737.csv,train
202635.csv,train
258153.csv,train
206480.csv,train
142019.csv,train
144809.csv,train
184327.csv,train
134081.csv,train
119475.csv,train
244130.csv,train
251285.csv,train
245588.csv,train
241841.csv,train
260280.csv,train
247361.csv,train
254671.csv,train
245163.csv,train
139531.csv,train
115304.csv,train
229503.csv,train
205348.csv,train
121696.csv,train
140009.csv,train
245449.csv,train
260841.csv,train
149597.csv,train
232341.csv,train
223308.csv,train
198066.csv,train
203779.csv,train
241574.csv,train
162246.csv,train
197455.csv,train
156604.csv,train
225091.csv,train
201889.csv,train
201994.csv,train
129909.csv,train
228657.csv,train
183147.csv,train
187566.csv,train
190440.csv,train
220421.csv,train
200961.csv,train
261491.csv,train
155186.csv,train
192329.csv,train
221274.csv,train
105458.csv,train
216623.csv,train
197219.csv,train
192860.csv,train
235821.csv,train
225709.csv,train
253330.csv,train
258432.csv,train
221861.csv,train
203449.csv,train
104697.csv,train
221416.csv,train
224336.csv,train
134922.csv,train
237013.csv,train
232105.csv,train
245533.csv,train
186842.csv,train
230726.csv,train
246808.csv,train
230946.csv,train
167257.csv,train
184640.csv,train
259579.csv,train
236470.csv,train
213244.csv,train
220771.csv,train
139499.csv,train
142181.csv,train
258258.csv,train
205629.csv,train
257899.csv,train
229444.csv,train
143506.csv,train
248478.csv,train
235579.csv,train
177980.csv,train
253381.csv,train
177765.csv,train
141761.csv,train
202704.csv,train
194084.csv,train
215288.csv,train
210103.csv,train
178499.csv,train
261861.csv,train
263418.csv,train
130790.csv,train
257485.csv,train
247333.csv,train
226884.csv,train
257016.csv,train
134550.csv,train
131747.csv,train
135364.csv,train
227154.csv,train
209505.csv,train
231993.csv,train
243774.csv,train
240353.csv,train
265062.csv,train
247435.csv,train
252663.csv,train
227917.csv,train
228101.csv,train
187672.csv,train
258950.csv,train
209151.csv,train
229885.csv,train
187558.csv,train
225833.csv,train
112577.csv,train
187295.csv,train
223628.csv,train
230187.csv,train
180126.csv,train
250519.csv,train
248105.csv,train
208185.csv,train
200640.csv,train
214204.csv,train
144981.csv,train
233576.csv,train
222692.csv,train
209871.csv,train
131576.csv,train
244753.csv,train
204942.csv,train
264324.csv,train
188787.csv,train
138630.csv,train
194597.csv,train
207807.csv,train
223353.csv,train
226612.csv,train
164325.csv,train
235581.csv,train
142829.csv,train
188470.csv,train
163069.csv,train
244035.csv,train
241753.csv,train
166456.csv,train
181059.csv,train
186139.csv,train
256301.csv,train
226664.csv,train
223851.csv,train
203863.csv,train
213010.csv,train
194483.csv,train
179197.csv,train
198068.csv,train
115815.csv,train
242019.csv,train
180548.csv,train
196668.csv,train
194718.csv,train
156815.csv,train
116638.csv,train
218148.csv,train
235588.csv,train
187362.csv,train
134091.csv,train
222383.csv,train
115639.csv,train
214955.csv,train
208699.csv,train
204646.csv,train
195393.csv,train
196520.csv,train
201342.csv,train
230695.csv,train
211212.csv,train
202644.csv,train
256612.csv,train
168449.csv,train
209695.csv,train
263377.csv,train
217903.csv,train
227804.csv,train
202440.csv,train
116506.csv,train
231680.csv,train
182431.csv,train
263165.csv,train
157059.csv,train
188095.csv,train
234464.csv,train
244508.csv,train
228577.csv,train
237065.csv,train
248681.csv,train
221025.csv,train
265083.csv,train
259056.csv,train
259094.csv,train
148948.csv,train
223367.csv,train
238747.csv,train
236383.csv,train
230093.csv,train
152061.csv,train
183516.csv,train
160425.csv,train
108553.csv,train
228385.csv,train
183008.csv,train
114068.csv,train
152770.csv,train
147217.csv,train
246361.csv,train
137678.csv,train
255747.csv,train
236223.csv,train
226677.csv,train
258796.csv,train
145436.csv,train
233251.csv,train
252487.csv,train
209132.csv,train
189726.csv,train
202208.csv,train
242956.csv,train
252676.csv,train
137108.csv,train
190504.csv,train
214290.csv,train
207676.csv,train
262754.csv,train
175192.csv,train
112715.csv,train
207631.csv,train
221647.csv,train
255047.csv,train
235737.csv,train
262268.csv,train
258751.csv,train
198818.csv,train
243617.csv,train
159965.csv,train
203064.csv,train
202703.csv,train
212786.csv,train
112736.csv,train
145586.csv,train
249191.csv,train
133820.csv,train
146174.csv,train
214240.csv,train
140512.csv,train
161243.csv,train
210981.csv,train
242385.csv,train
260429.csv,train
247981.csv,train
256489.csv,train
258221.csv,train
232737.csv,train
240008.csv,train
241965.csv,train
248429.csv,train
240094.csv,train
224814.csv,train
229686.csv,train
245400.csv,train
252130.csv,train
231123.csv,train
168938.csv,train
145437.csv,train
246939.csv,train
230631.csv,train
239667.csv,train
198061.csv,train
126344.csv,train
251774.csv,train
241573.csv,train
243059.csv,train
246280.csv,train
232574.csv,train
213327.csv,train
223631.csv,train
137275.csv,train
262080.csv,train
249819.csv,train
258081.csv,train
254909.csv,train
137814.csv,train
238599.csv,train
251349.csv,train
216107.csv,train
230267.csv,train
196980.csv,train
200188.csv,train
137888.csv,train
245836.csv,train
149345.csv,train
251687.csv,train
244632.csv,train
187132.csv,train
249062.csv,train
229361.csv,train
168353.csv,train
185209.csv,train
252335.csv,train
230723.csv,train
155806.csv,train
184365.csv,train
153095.csv,train
207594.csv,train
203624.csv,train
261419.csv,train
202729.csv,train
250080.csv,train
194853.csv,train
250136.csv,train
249593.csv,train
240671.csv,train
241563.csv,train
246792.csv,train
251444.csv,train
172793.csv,train
140442.csv,train
241814.csv,train
245786.csv,train
241580.csv,train
263252.csv,train
217231.csv,train
179144.csv,train
250038.csv,train
240153.csv,train
245204.csv,train
238600.csv,train
216962.csv,train
161658.csv,train
98996.csv,train
241358.csv,train
242443.csv,train
243569.csv,train
239117.csv,train
174241.csv,train
207467.csv,train
173489.csv,train
248526.csv,train
141428.csv,train
240212.csv,train
180156.csv,train
260891.csv,train
249113.csv,train
223494.csv,train
248832.csv,train
229072.csv,train
115931.csv,train
111856.csv,train
209140.csv,train
244023.csv,train
242051.csv,train
193076.csv,train
147924.csv,train
253731.csv,train
241154.csv,train
196149.csv,train
256857.csv,train
221001.csv,train
191276.csv,train
262431.csv,train
253087.csv,train
239612.csv,train
193776.csv,train
177982.csv,train
154113.csv,train
178883.csv,train
205085.csv,train
222010.csv,train
244494.csv,train
242465.csv,train
111424.csv,train
133903.csv,train
243234.csv,train
256236.csv,train
205679.csv,train
242398.csv,train
247597.csv,train
222995.csv,train
261250.csv,train
239716.csv,train
125956.csv,train
228578.csv,train
259961.csv,train
188984.csv,train
94373.csv,train
229698.csv,train
253343.csv,train
208202.csv,train
215147.csv,train
256649.csv,train
162912.csv,train
123682.csv,train
258191.csv,train
158104.csv,train
246176.csv,train
250811.csv,train
229012.csv,train
265460.csv,train
177450.csv,train
110981.csv,train
206246.csv,train
241595.csv,train
208125.csv,train
138419.csv,train
210316.csv,train
203462.csv,train
191058.csv,train
197501.csv,train
158460.csv,train
242426.csv,train
226563.csv,train
250096.csv,train
240279.csv,train
243484.csv,train
196686.csv,train
253186.csv,train
251715.csv,train
257809.csv,train
238944.csv,train
190085.csv,train
187191.csv,train
166625.csv,train
246242.csv,train
216461.csv,train
208017.csv,train
173035.csv,train
108203.csv,train
237486.csv,train
253595.csv,train
246837.csv,train
221127.csv,train
139954.csv,train
203334.csv,train
251074.csv,train
121439.csv,train
211032.csv,train
237270.csv,train
130877.csv,train
243246.csv,train
261271.csv,train
212485.csv,train
141348.csv,train
231435.csv,train
249038.csv,train
240887.csv,train
154439.csv,train
217443.csv,train
231366.csv,train
263852.csv,train
233069.csv,train
253181.csv,train
186515.csv,train
247973.csv,train
250015.csv,train
202993.csv,train
173944.csv,train
143307.csv,train
245129.csv,train
246427.csv,train
112457.csv,train
205434.csv,train
201344.csv,train
173161.csv,train
228836.csv,train
234690.csv,train
173803.csv,train
175960.csv,train
232346.csv,train
260346.csv,train
260414.csv,train
134363.csv,train
247329.csv,train
199587.csv,train
207476.csv,train
225417.csv,train
185485.csv,train
239630.csv,train
241999.csv,train
128256.csv,train
156154.csv,train
245504.csv,train
195192.csv,train
251199.csv,train
202985.csv,train
231985.csv,train
147484.csv,train
199169.csv,train
237756.csv,train
180501.csv,train
250240.csv,train
257225.csv,train
229835.csv,train
244490.csv,train
263778.csv,train
260277.csv,train
136494.csv,train
260112.csv,train
213767.csv,train
241941.csv,train
193219.csv,train
181107.csv,train
130736.csv,train
229104.csv,train
181269.csv,train
230067.csv,train
119511.csv,train
257945.csv,train
248260.csv,train
254472.csv,train
130338.csv,train
172214.csv,train
136735.csv,train
139986.csv,train
180357.csv,train
214924.csv,train
229445.csv,train
254614.csv,train
151956.csv,train
131441.csv,train
225633.csv,train
233402.csv,train
201458.csv,train
245572.csv,train
186810.csv,train
231970.csv,train
231901.csv,train
206578.csv,train
119894.csv,train
140727.csv,train
226243.csv,train
208278.csv,train
193259.csv,train
265128.csv,train
256580.csv,train
198672.csv,train
235449.csv,train
239705.csv,train
116240.csv,train
241673.csv,train
232146.csv,train
121310.csv,train
178151.csv,train
234460.csv,train
214120.csv,train
204069.csv,train
107388.csv,train
246404.csv,train
219693.csv,train
244404.csv,train
211639.csv,train
232902.csv,train
244043.csv,train
221184.csv,train
254975.csv,train
244633.csv,train
184284.csv,train
185793.csv,train
256818.csv,train
231501.csv,train
173735.csv,train
243972.csv,train
227795.csv,train
122009.csv,train
214298.csv,train
262998.csv,train
227894.csv,train
224505.csv,train
216675.csv,train
241726.csv,train
115457.csv,train
224773.csv,train
204690.csv,train
247367.csv,train
248950.csv,train
223614.csv,train
244129.csv,train
250793.csv,train
208621.csv,train
250394.csv,train
223081.csv,train
218020.csv,train
191640.csv,train
143836.csv,train
190968.csv,train
250980.csv,train
225571.csv,train
246334.csv,train
129475.csv,train
251206.csv,train
151041.csv,train
224273.csv,train
260964.csv,train
233568.csv,train
263034.csv,train
94840.csv,train
225084.csv,train
216916.csv,train
158207.csv,train
154376.csv,train
157509.csv,train
200373.csv,train
222465.csv,train
226833.csv,train
244173.csv,train
243645.csv,train
141360.csv,train
253415.csv,train
188392.csv,train
115509.csv,train
132164.csv,train
141055.csv,train
199177.csv,train
199135.csv,train
254069.csv,train
194067.csv,train
197848.csv,train
242278.csv,train
161660.csv,train
217802.csv,train
207785.csv,train
217769.csv,train
213543.csv,train
111866.csv,train
230623.csv,train
220185.csv,train
150752.csv,train
239324.csv,train
165452.csv,train
264361.csv,train
165847.csv,train
222539.csv,train
228863.csv,train
245845.csv,train
256436.csv,train
201530.csv,train
257819.csv,train
114726.csv,train
210043.csv,train
100261.csv,train
229144.csv,train
186957.csv,train
248447.csv,train
231276.csv,train
157896.csv,train
234005.csv,train
243402.csv,train
197575.csv,train
262775.csv,train
234107.csv,train
234127.csv,train
251023.csv,train
198563.csv,train
155865.csv,train
258157.csv,train
170094.csv,train
210016.csv,train
240645.csv,train
93296.csv,train
204024.csv,train
212888.csv,train
183287.csv,train
177013.csv,train
219409.csv,train
170387.csv,train
98920.csv,train
168681.csv,train
238735.csv,train
174360.csv,train
243097.csv,train
244747.csv,train
196380.csv,train
245453.csv,train
205544.csv,train
172362.csv,train
193419.csv,train
255421.csv,train
240073.csv,train
230551.csv,train
215381.csv,train
142899.csv,train
230790.csv,train
260503.csv,train
185231.csv,train
236076.csv,train
208602.csv,train
188205.csv,train
206671.csv,train
241097.csv,train
199641.csv,train
248630.csv,train
213064.csv,train
133703.csv,train
235870.csv,train
261485.csv,train
233197.csv,train
211721.csv,train
247490.csv,train
246928.csv,train
236006.csv,train
262461.csv,train
227464.csv,train
262643.csv,train
251018.csv,train
253718.csv,train
146488.csv,train
178670.csv,train
196152.csv,train
238335.csv,train
251422.csv,train
240125.csv,train
233943.csv,train
194748.csv,train
254217.csv,train
129524.csv,train
166327.csv,train
218602.csv,train
127799.csv,train
210622.csv,train
262064.csv,train
231181.csv,train
159793.csv,train
245265.csv,train
217880.csv,train
123013.csv,train
208946.csv,train
236734.csv,train
176620.csv,train
217791.csv,train
184170.csv,train
222542.csv,train
226016.csv,train
211292.csv,train
247386.csv,train
255117.csv,train
123819.csv,train
262891.csv,train
257354.csv,train
251809.csv,train
248779.csv,train
234885.csv,train
222472.csv,train
237113.csv,train
192032.csv,train
205460.csv,train
149715.csv,train
224531.csv,train
240942.csv,train
108003.csv,train
128027.csv,train
209460.csv,train
202269.csv,train
151568.csv,train
176188.csv,train
243388.csv,train
258100.csv,train
233493.csv,train
227332.csv,train
259566.csv,train
195483.csv,train
191813.csv,train
205555.csv,train
232304.csv,train
258234.csv,train
237983.csv,train
199152.csv,train
114031.csv,train
132765.csv,train
147032.csv,train
191363.csv,train
133832.csv,train
239250.csv,train
244528.csv,train
252432.csv,train
236379.csv,train
250250.csv,train
252123.csv,train
245134.csv,train
117230.csv,train
255480.csv,train
205601.csv,train
249338.csv,train
248330.csv,train
258713.csv,train
169891.csv,train
204589.csv,train
183139.csv,train
170011.csv,train
162851.csv,train
202794.csv,train
241328.csv,train
197703.csv,train
249622.csv,train
192802.csv,train
207364.csv,train
195181.csv,train
146574.csv,train
179200.csv,train
259762.csv,train
260831.csv,train
205565.csv,train
124885.csv,train
209790.csv,train
262380.csv,train
252221.csv,train
250171.csv,train
232656.csv,train
175775.csv,train
264730.csv,train
203247.csv,train
256013.csv,train
221994.csv,train
93272.csv,train
242682.csv,train
177830.csv,train
193545.csv,train
204405.csv,train
213940.csv,train
103040.csv,train
187619.csv,train
176251.csv,train
197007.csv,train
159259.csv,train
217553.csv,train
237870.csv,train
257054.csv,train
227495.csv,train
262625.csv,train
127021.csv,train
141829.csv,train
254527.csv,train
220529.csv,train
248340.csv,train
201797.csv,train
218398.csv,train
221071.csv,train
249549.csv,train
189612.csv,train
210482.csv,train
170168.csv,train
242927.csv,train
234935.csv,train
263249.csv,train
198776.csv,train
146552.csv,train
191848.csv,train
208244.csv,train
197186.csv,train
251017.csv,train
198187.csv,train
239464.csv,train
208840.csv,train
191344.csv,train
257303.csv,train
251019.csv,train
249135.csv,train
232258.csv,train
254347.csv,train
175004.csv,train
177612.csv,train
207761.csv,train
111834.csv,train
147149.csv,train
235561.csv,train
264707.csv,train
249885.csv,train
216525.csv,train
233916.csv,train
212436.csv,train
254304.csv,train
215086.csv,train
198149.csv,train
257136.csv,train
154342.csv,train
247738.csv,train
135599.csv,train
245175.csv,train
237520.csv,train
196523.csv,train
208571.csv,train
244909.csv,train
229357.csv,train
174648.csv,train
123666.csv,train
123670.csv,train
248632.csv,train
212561.csv,train
246519.csv,train
172418.csv,train
258162.csv,train
207550.csv,train
131760.csv,train
192975.csv,train
261077.csv,train
257730.csv,train
228672.csv,train
213461.csv,train
228030.csv,train
260431.csv,train
201540.csv,train
207703.csv,train
250791.csv,train
260735.csv,train
242583.csv,train
262942.csv,train
263871.csv,train
106484.csv,train
156334.csv,train
247257.csv,train
180550.csv,train
135058.csv,train
200545.csv,train
161665.csv,train
215583.csv,train
143022.csv,train
108598.csv,train
251298.csv,train
185778.csv,train
204010.csv,train
154833.csv,train
134386.csv,train
151060.csv,train
251602.csv,train
244331.csv,train
120701.csv,train
222354.csv,train
175334.csv,train
254811.csv,train
165322.csv,train
204422.csv,train
190888.csv,train
157824.csv,train
135264.csv,train
249494.csv,train
197539.csv,train
257720.csv,train
211353.csv,train
116595.csv,train
210210.csv,train
242886.csv,train
141640.csv,train
264225.csv,train
225869.csv,train
168271.csv,train
227562.csv,train
239395.csv,train
233405.csv,train
190205.csv,train
149710.csv,train
245355.csv,train
254409.csv,train
233389.csv,train
229148.csv,train
210713.csv,train
188438.csv,train
242283.csv,train
244875.csv,train
255221.csv,train
237779.csv,train
186593.csv,train
213512.csv,train
178597.csv,train
250095.csv,train
209269.csv,train
213177.csv,train
238132.csv,train
107969.csv,train
253827.csv,train
247584.csv,train
217359.csv,train
157523.csv,train
219123.csv,train
222859.csv,train
147067.csv,train
145096.csv,train
189951.csv,train
197203.csv,train
128247.csv,train
245127.csv,train
213932.csv,train
159887.csv,train
122020.csv,train
246137.csv,train
226904.csv,train
211836.csv,train
219302.csv,train
130116.csv,train
263985.csv,train
113991.csv,train
243851.csv,train
208232.csv,train
243241.csv,train
176935.csv,train
239904.csv,train
216055.csv,train
214834.csv,train
168206.csv,train
184695.csv,train
172795.csv,train
151014.csv,train
192342.csv,train
232767.csv,train
252214.csv,train
131504.csv,train
154353.csv,train
235841.csv,train
210123.csv,train
186043.csv,train
209295.csv,train
229232.csv,train
233988.csv,train
162794.csv,train
133256.csv,train
228074.csv,train
230275.csv,train
112019.csv,train
248542.csv,train
227948.csv,train
261826.csv,train
140570.csv,train
235100.csv,train
251024.csv,train
146041.csv,train
192199.csv,train
203452.csv,train
208495.csv,train
160779.csv,train
187449.csv,train
251412.csv,train
187752.csv,train
204291.csv,train
134174.csv,train
163655.csv,train
137537.csv,train
246373.csv,train
126789.csv,train
260950.csv,train
146215.csv,train
183454.csv,train
160318.csv,train
240316.csv,train
196207.csv,train
255212.csv,train
205054.csv,train
256909.csv,train
160750.csv,train
247446.csv,train
208036.csv,train
262806.csv,train
258690.csv,train
246452.csv,train
250086.csv,train
212922.csv,train
259009.csv,train
155611.csv,train
233369.csv,train
184814.csv,train
129843.csv,train
159145.csv,train
151556.csv,train
177708.csv,train
242427.csv,train
179478.csv,train
204936.csv,train
255234.csv,train
239712.csv,train
250952.csv,train
157518.csv,train
180444.csv,train
230244.csv,train
252152.csv,train
221931.csv,train
183264.csv,train
146346.csv,train
265238.csv,train
197486.csv,train
105755.csv,train
252838.csv,train
261403.csv,train
236680.csv,train
233541.csv,train
251435.csv,train
185497.csv,train
241107.csv,train
106591.csv,train
165410.csv,train
243024.csv,train
212334.csv,train
226627.csv,train
192191.csv,train
224614.csv,train
207663.csv,train
106360.csv,train
196477.csv,train
189791.csv,train
163152.csv,train
173102.csv,train
137489.csv,train
219571.csv,train
259937.csv,train
217250.csv,train
195104.csv,train
100053.csv,train
230776.csv,train
166226.csv,train
231577.csv,train
158619.csv,train
263996.csv,train
230066.csv,train
257034.csv,train
239059.csv,train
131370.csv,train
261164.csv,train
152952.csv,train
196814.csv,train
256191.csv,train
173598.csv,train
234333.csv,train
233104.csv,train
196379.csv,train
204524.csv,train
251611.csv,train
249447.csv,train
185867.csv,train
198625.csv,train
221570.csv,train
204198.csv,train
246055.csv,train
258651.csv,train
187934.csv,train
240486.csv,train
243384.csv,train
144650.csv,train
196780.csv,train
260974.csv,train
226735.csv,train
227946.csv,train
230353.csv,train
229309.csv,train
197493.csv,train
160842.csv,train
225767.csv,train
196908.csv,train
221227.csv,train
241632.csv,train
240503.csv,train
190467.csv,train
220818.csv,train
238737.csv,train
224050.csv,train
253970.csv,train
174807.csv,train
239420.csv,train
114771.csv,train
113123.csv,train
143497.csv,train
218954.csv,train
238229.csv,train
250560.csv,train
255148.csv,train
203684.csv,train
252365.csv,train
162926.csv,train
210878.csv,train
157132.csv,train
153612.csv,train
167634.csv,train
179498.csv,train
258125.csv,train
225582.csv,train
248452.csv,train
130558.csv,train
141201.csv,train
239496.csv,train
159065.csv,train
133416.csv,train
242678.csv,train
239878.csv,train
195159.csv,train
229190.csv,train
231141.csv,train
112751.csv,train
243684.csv,train
197492.csv,train
190239.csv,train
221651.csv,train
225924.csv,train
125195.csv,train
250774.csv,train
133335.csv,train
180878.csv,train
142968.csv,train
150014.csv,train
130072.csv,train
256309.csv,train
208509.csv,train
211316.csv,train
226110.csv,train
157708.csv,train
205794.csv,train
245321.csv,train
231837.csv,train
135548.csv,train
112170.csv,train
220112.csv,train
261146.csv,train
143014.csv,train
183786.csv,train
246839.csv,train
238604.csv,train
194871.csv,train
264380.csv,train
237271.csv,train
175613.csv,train
258323.csv,train
220741.csv,train
250485.csv,train
261702.csv,train
222355.csv,train
251196.csv,train
247839.csv,train
257645.csv,train
202243.csv,train
160019.csv,train
209073.csv,train
243651.csv,train
204041.csv,train
203722.csv,train
187932.csv,train
242076.csv,train
170253.csv,train
141579.csv,train
138704.csv,train
216785.csv,train
219309.csv,train
206703.csv,train
172072.csv,train
163665.csv,train
237596.csv,train
199319.csv,train
212729.csv,train
244467.csv,train
222721.csv,train
228228.csv,train
205145.csv,train
234219.csv,train
198992.csv,train
173839.csv,train
181035.csv,train
252301.csv,train
156167.csv,train
217878.csv,train
115928.csv,train
207687.csv,train
230463.csv,train
209717.csv,train
209850.csv,train
194761.csv,train
206324.csv,train
223095.csv,train
249066.csv,train
256906.csv,train
234121.csv,train
185518.csv,train
135117.csv,train
170679.csv,train
147703.csv,train
215791.csv,train
132273.csv,train
193228.csv,train
262591.csv,train
252841.csv,train
230332.csv,train
160324.csv,train
246559.csv,train
259916.csv,train
174433.csv,train
241167.csv,train
256743.csv,train
231115.csv,train
163879.csv,train
180006.csv,train
246127.csv,train
220827.csv,train
190114.csv,train
265099.csv,train
148177.csv,train
188032.csv,train
159044.csv,train
257474.csv,train
223234.csv,train
258983.csv,train
240220.csv,train
210342.csv,train
211349.csv,train
260479.csv,train
184730.csv,train
219568.csv,train
248387.csv,train
176389.csv,train
248213.csv,train
207557.csv,train
226329.csv,train
196738.csv,train
190292.csv,train
195482.csv,train
259173.csv,train
194741.csv,train
209897.csv,train
205184.csv,train
148515.csv,train
265111.csv,train
231391.csv,train
112253.csv,train
109804.csv,train
203896.csv,train
224462.csv,train
155877.csv,train
223995.csv,train
173910.csv,train
214978.csv,train
208067.csv,train
229663.csv,train
125579.csv,train
227247.csv,train
219518.csv,train
263558.csv,train
158219.csv,train
186698.csv,train
233838.csv,train
198368.csv,train
234974.csv,train
258799.csv,train
244867.csv,train
228604.csv,train
203876.csv,train
251073.csv,train
231075.csv,train
130664.csv,train
231529.csv,train
258716.csv,train
141412.csv,train
240398.csv,train
255871.csv,train
168264.csv,train
209133.csv,train
192918.csv,train
182528.csv,train
188165.csv,train
250882.csv,train
196080.csv,train
243611.csv,train
189830.csv,train
238413.csv,train
229267.csv,train
255577.csv,train
175993.csv,train
240565.csv,train
242662.csv,train
208884.csv,train
203751.csv,train
226983.csv,train
246001.csv,train
252154.csv,train
207465.csv,train
215872.csv,train
145698.csv,train
255230.csv,train
242688.csv,train
231612.csv,train
111598.csv,train
230586.csv,train
217957.csv,train
203902.csv,train
188312.csv,train
186277.csv,train
213016.csv,train
241681.csv,train
194424.csv,train
246273.csv,train
227665.csv,train
121501.csv,train
224556.csv,train
264857.csv,train
207033.csv,train
191467.csv,train
227822.csv,train
212232.csv,train
222207.csv,train
193040.csv,train
194396.csv,train
154522.csv,train
207108.csv,train
200927.csv,train
229720.csv,train
139502.csv,train
233640.csv,train
230046.csv,train
217154.csv,train
174002.csv,train
194993.csv,train
235911.csv,train
216661.csv,train
254711.csv,train
236194.csv,train
235807.csv,train
258579.csv,train
208100.csv,train
208186.csv,train
198966.csv,train
145014.csv,train
262259.csv,train
245331.csv,train
236149.csv,train
231269.csv,train
215226.csv,train
208830.csv,train
215963.csv,train
254717.csv,train
143924.csv,train
253095.csv,train
102061.csv,train
260436.csv,train
209609.csv,train
261983.csv,train
172468.csv,train
188772.csv,train
230484.csv,train
245842.csv,train
179440.csv,train
199209.csv,train
235344.csv,train
111854.csv,train
221604.csv,train
260769.csv,train
174109.csv,train
134647.csv,train
241636.csv,train
216203.csv,train
213215.csv,train
235890.csv,train
249900.csv,train
211169.csv,train
250287.csv,train
195504.csv,train
263876.csv,train
144317.csv,train
243415.csv,train
226423.csv,train
233615.csv,train
145208.csv,train
257022.csv,train
244482.csv,train
169799.csv,train
133490.csv,train
206783.csv,train
216191.csv,train
233923.csv,train
185395.csv,train
148243.csv,train
170160.csv,train
238947.csv,train
249639.csv,train
155222.csv,train
247532.csv,train
215756.csv,train
235802.csv,train
202802.csv,train
193681.csv,train
227830.csv,train
265312.csv,train
174905.csv,train
227723.csv,train
260311.csv,train
182794.csv,train
255283.csv,train
197662.csv,train
247993.csv,train
241616.csv,train
195024.csv,train
256738.csv,train
219996.csv,train
253544.csv,train
260680.csv,train
209970.csv,train
246076.csv,train
203933.csv,train
246272.csv,train
211823.csv,train
263849.csv,train
154803.csv,train
108223.csv,train
107083.csv,train
177633.csv,train
194399.csv,train
217362.csv,train
198771.csv,train
143099.csv,train
188997.csv,train
227038.csv,train
193841.csv,train
249162.csv,train
258717.csv,train
244450.csv,train
238925.csv,train
256734.csv,train
227678.csv,train
188246.csv,train
220378.csv,train
266158.csv,train
211139.csv,train
219118.csv,train
220750.csv,train
104541.csv,train
158740.csv,train
227713.csv,train
242373.csv,train
154731.csv,train
251495.csv,train
129569.csv,train
226906.csv,train
233272.csv,train
147097.csv,train
165358.csv,train
218998.csv,train
229867.csv,train
182420.csv,train
114225.csv,train
151010.csv,train
159492.csv,train
213468.csv,train
212399.csv,train
188289.csv,train
262477.csv,train
246394.csv,train
248572.csv,train
172090.csv,train
248228.csv,train
242719.csv,train
259051.csv,train
163044.csv,train
249157.csv,train
94019.csv,train
172751.csv,train
227649.csv,train
226373.csv,train
94029.csv,train
185712.csv,train
238186.csv,train
198815.csv,train
239443.csv,train
246499.csv,train
258947.csv,train
175270.csv,train
194539.csv,train
238837.csv,train
239647.csv,train
164093.csv,train
129628.csv,train
230715.csv,train
160366.csv,train
169971.csv,train
158141.csv,train
130923.csv,train
191570.csv,train
117894.csv,train
252521.csv,train
169990.csv,train
184759.csv,train
258818.csv,train
227331.csv,train
227647.csv,train
152883.csv,train
205714.csv,train
218275.csv,train
188413.csv,train
232584.csv,train
259292.csv,train
253189.csv,train
177265.csv,train
165457.csv,train
184883.csv,train
198465.csv,train
230838.csv,train
140848.csv,train
245113.csv,train
171353.csv,train
221709.csv,train
162240.csv,train
229608.csv,train
244898.csv,train
227676.csv,train
228134.csv,train
207824.csv,train
248324.csv,train
216956.csv,train
231003.csv,train
186813.csv,train
212034.csv,train
193330.csv,train
231025.csv,train
264801.csv,train
210370.csv,train
265851.csv,train
251490.csv,train
240332.csv,train
195621.csv,train
247294.csv,train
231423.csv,train
149307.csv,train
205037.csv,train
237555.csv,train
131950.csv,train
223664.csv,train
226072.csv,train
243889.csv,train
209869.csv,train
231095.csv,train
236899.csv,train
130862.csv,train
189484.csv,train
238251.csv,train
247431.csv,train
250712.csv,train
188774.csv,train
228235.csv,train
260670.csv,train
130167.csv,train
239570.csv,train
259193.csv,train
163907.csv,train
175022.csv,train
261756.csv,train
222658.csv,train
162599.csv,train
263754.csv,train
171401.csv,train
190562.csv,train
111813.csv,train
229622.csv,train
210185.csv,train
215517.csv,train
145055.csv,train
230481.csv,train
229492.csv,train
259098.csv,train
160069.csv,train
200335.csv,train
186900.csv,train
214735.csv,train
243152.csv,train
234623.csv,train
246098.csv,train
258208.csv,train
128519.csv,train
253547.csv,train
216805.csv,train
124548.csv,train
230148.csv,train
115449.csv,train
263296.csv,train
140682.csv,train
195608.csv,train
233327.csv,train
241924.csv,train
198433.csv,train
262739.csv,train
174192.csv,train
151056.csv,train
228163.csv,train
264931.csv,train
209443.csv,train
222557.csv,train
224991.csv,train
227487.csv,train
240141.csv,train
262289.csv,train
209557.csv,train
262117.csv,train
221312.csv,train
254373.csv,train
262780.csv,train
243032.csv,train
106712.csv,train
236034.csv,train
220239.csv,train
203996.csv,train
210261.csv,train
259777.csv,train
202642.csv,train
205520.csv,train
223213.csv,train
228034.csv,train
204180.csv,train
233310.csv,train
256894.csv,train
199112.csv,train
148227.csv,train
250498.csv,train
158216.csv,train
209250.csv,train
205771.csv,train
239220.csv,train
180455.csv,train
147497.csv,train
193197.csv,train
137131.csv,train
200236.csv,train
139688.csv,train
224663.csv,train
134070.csv,train
175580.csv,train
153513.csv,train
179341.csv,train
253504.csv,train
186391.csv,train
176406.csv,train
169844.csv,train
163017.csv,train
230708.csv,train
217969.csv,train
184918.csv,train
247286.csv,train
261872.csv,train
202539.csv,train
143433.csv,train
215070.csv,train
106814.csv,train
130448.csv,train
157013.csv,train
257233.csv,train
112036.csv,train
211487.csv,train
201536.csv,train
163367.csv,train
201062.csv,train
214448.csv,train
160924.csv,train
186168.csv,train
168404.csv,train
226698.csv,train
124155.csv,train
215223.csv,train
238256.csv,train
251279.csv,train
238497.csv,train
143847.csv,train
202106.csv,train
200070.csv,train
150328.csv,train
249081.csv,train
209303.csv,train
139525.csv,train
258415.csv,train
243973.csv,train
260299.csv,train
154915.csv,train
260337.csv,train
114291.csv,train
236687.csv,train
220911.csv,train
252516.csv,train
251004.csv,train
213958.csv,train
260369.csv,train
236396.csv,train
187751.csv,train
138325.csv,train
193358.csv,train
174719.csv,train
240783.csv,train
262524.csv,train
144049.csv,train
129167.csv,train
205841.csv,train
224322.csv,train
118910.csv,train
167132.csv,train
139258.csv,train
221194.csv,train
183224.csv,train
149615.csv,train
219636.csv,train
262513.csv,train
248816.csv,train
136526.csv,train
236702.csv,train
232693.csv,train
172031.csv,train
147064.csv,train
142564.csv,train
230783.csv,train
204582.csv,train
178630.csv,train
201280.csv,train
131080.csv,train
228130.csv,train
222584.csv,train
249308.csv,train
230820.csv,train
211818.csv,train
231037.csv,train
119514.csv,train
198699.csv,train
194183.csv,train
241819.csv,train
152896.csv,train
255851.csv,train
204665.csv,train
257658.csv,train
191579.csv,train
236624.csv,train
222601.csv,train
207932.csv,train
153699.csv,train
110612.csv,train
247792.csv,train
241982.csv,train
185961.csv,train
200781.csv,train
238446.csv,train
238542.csv,train
205861.csv,train
185215.csv,train
186527.csv,train
252305.csv,train
240145.csv,train
234439.csv,train
218432.csv,train
234907.csv,train
229946.csv,train
137520.csv,train
231349.csv,train
251616.csv,train
186203.csv,train
231847.csv,train
204195.csv,train
139570.csv,train
209316.csv,train
245080.csv,train
258456.csv,train
133162.csv,train
239240.csv,train
167105.csv,train
129972.csv,train
262977.csv,train
225624.csv,train
205741.csv,train
107308.csv,train
193883.csv,train
233555.csv,train
253696.csv,train
195740.csv,train
198122.csv,train
220256.csv,train
130215.csv,train
256791.csv,train
155310.csv,train
230777.csv,train
257949.csv,train
243164.csv,train
140110.csv,train
174563.csv,train
252509.csv,train
233828.csv,train
178989.csv,train
180081.csv,train
210726.csv,train
246578.csv,train
241048.csv,train
182623.csv,train
193269.csv,train
112701.csv,train
133884.csv,train
203601.csv,train
248811.csv,train
238285.csv,train
212843.csv,train
132121.csv,train
255209.csv,train
230512.csv,train
237434.csv,train
260200.csv,train
235585.csv,train
98450.csv,train
223399.csv,train
254772.csv,train
125321.csv,train
248650.csv,train
259529.csv,train
135436.csv,train
247245.csv,train
249026.csv,train
199320.csv,train
238670.csv,train
246592.csv,train
181615.csv,train
134432.csv,train
133783.csv,train
163763.csv,train
254034.csv,train
119964.csv,train
150496.csv,train
251796.csv,train
112658.csv,train
219408.csv,train
199202.csv,train
232747.csv,train
218642.csv,train
227544.csv,train
208709.csv,train
154060.csv,train
204855.csv,train
255917.csv,train
174670.csv,train
159624.csv,train
207867.csv,train
241095.csv,train
238942.csv,train
181919.csv,train
185846.csv,train
261236.csv,train
201662.csv,train
230670.csv,train
218001.csv,train
161842.csv,train
265668.csv,train
223447.csv,train
200879.csv,train
262210.csv,train
215691.csv,train
197452.csv,train
241079.csv,train
254058.csv,train
255881.csv,train
229844.csv,train
204804.csv,train
251737.csv,train
149495.csv,train
263998.csv,train
173624.csv,train
174533.csv,train
234386.csv,train
243315.csv,train
234654.csv,train
132591.csv,train
264199.csv,train
106403.csv,train
229244.csv,train
160354.csv,train
229850.csv,train
224015.csv,train
249131.csv,train
157003.csv,train
131956.csv,train
258334.csv,train
150829.csv,train
238617.csv,train
250728.csv,train
223990.csv,train
185538.csv,train
238470.csv,train
258544.csv,train
177347.csv,train
179957.csv,train
193809.csv,train
262088.csv,train
253684.csv,train
162626.csv,train
228607.csv,train
170884.csv,train
265662.csv,train
258825.csv,train
211640.csv,train
231494.csv,train
200504.csv,train
209053.csv,train
207327.csv,train
263107.csv,train
186638.csv,train
147404.csv,train
252321.csv,train
223391.csv,train
249748.csv,train
226588.csv,train
256652.csv,train
223641.csv,train
261650.csv,train
134045.csv,train
210100.csv,train
207274.csv,train
223867.csv,train
243324.csv,train
230264.csv,train
202531.csv,train
246260.csv,train
100667.csv,train
128275.csv,train
263285.csv,train
247997.csv,train
149021.csv,train
114939.csv,train
236577.csv,train
155063.csv,train
203957.csv,train
222731.csv,train
229210.csv,train
247299.csv,train
222880.csv,train
251248.csv,train
224286.csv,train
265845.csv,train
189938.csv,train
216570.csv,train
212469.csv,train
245980.csv,train
230131.csv,train
132990.csv,train
257487.csv,train
260364.csv,train
264092.csv,train
243798.csv,train
228570.csv,train
240569.csv,train
171264.csv,train
243883.csv,train
226034.csv,train
229978.csv,train
168556.csv,train
112192.csv,train
241826.csv,train
243698.csv,train
213300.csv,train
207906.csv,train
227664.csv,train
192740.csv,train
220899.csv,train
260916.csv,train
231592.csv,train
231186.csv,train
206770.csv,train
186990.csv,train
231794.csv,train
237715.csv,train
203778.csv,train
195103.csv,train
242365.csv,train
241144.csv,train
221845.csv,train
217819.csv,train
152649.csv,train
228285.csv,train
227778.csv,train
158836.csv,train
257185.csv,train
209408.csv,train
212560.csv,train
175567.csv,train
243295.csv,train
227744.csv,train
218442.csv,train
149573.csv,train
169114.csv,train
263141.csv,train
159579.csv,train
152719.csv,train
171794.csv,train
219299.csv,train
227244.csv,train
213542.csv,train
197233.csv,train
247133.csv,train
216140.csv,train
243563.csv,train
243711.csv,train
176072.csv,train
235677.csv,train
253703.csv,train
145697.csv,train
196539.csv,train
221477.csv,train
209291.csv,train
205542.csv,train
249597.csv,train
251091.csv,train
262034.csv,train
131801.csv,train
146578.csv,train
154172.csv,train
219984.csv,train
254243.csv,train
209713.csv,train
200227.csv,train
129820.csv,train
173890.csv,train
148101.csv,train
132934.csv,train
259888.csv,train
237523.csv,train
201236.csv,train
240881.csv,train
188683.csv,train
194094.csv,train
238545.csv,train
249772.csv,train
230593.csv,train
248370.csv,train
165112.csv,train
252181.csv,train
151585.csv,train
144770.csv,train
112654.csv,train
105348.csv,train
189755.csv,train
205746.csv,train
227572.csv,train
184047.csv,train
229086.csv,train
234518.csv,train
255514.csv,train
169569.csv,train
244302.csv,train
217563.csv,train
209313.csv,train
182293.csv,train
231603.csv,train
241335.csv,train
181467.csv,train
180903.csv,train
229174.csv,train
150381.csv,train
243121.csv,train
242305.csv,train
154783.csv,train
230585.csv,train
149883.csv,train
218836.csv,train
161431.csv,train
196851.csv,train
235721.csv,train
237565.csv,train
265401.csv,train
243992.csv,train
250273.csv,train
251245.csv,train
166955.csv,train
226741.csv,train
193511.csv,train
234440.csv,train
259639.csv,train
212657.csv,train
222395.csv,train
237336.csv,train
154162.csv,train
132511.csv,train
115907.csv,train
236675.csv,train
132417.csv,train
132612.csv,train
232821.csv,train
194081.csv,train
211835.csv,train
129103.csv,train
210558.csv,train
262400.csv,train
172403.csv,train
229883.csv,train
243071.csv,train
252745.csv,train
159062.csv,train
187061.csv,train
241191.csv,train
115582.csv,train
235936.csv,train
171160.csv,train
177487.csv,train
209528.csv,train
259351.csv,train
207510.csv,train
160024.csv,train
235959.csv,train
248813.csv,train
231746.csv,train
231322.csv,train
223825.csv,train
200246.csv,train
201557.csv,train
263269.csv,train
136508.csv,train
171951.csv,train
202712.csv,train
229735.csv,train
246603.csv,train
149048.csv,train
251539.csv,train
203542.csv,train
207716.csv,train
187446.csv,train
192809.csv,train
106342.csv,train
114956.csv,train
256911.csv,train
247088.csv,train
261016.csv,train
246731.csv,train
253348.csv,train
252095.csv,train
232733.csv,train
251330.csv,train
106679.csv,train
213097.csv,train
227058.csv,train
220409.csv,train
237246.csv,train
241916.csv,train
221058.csv,train
158484.csv,train
257337.csv,train
228409.csv,train
168880.csv,train
259524.csv,train
184535.csv,train
197450.csv,train
260662.csv,train
106696.csv,train
134799.csv,train
243092.csv,train
174459.csv,train
205996.csv,train
259038.csv,train
142040.csv,train
175346.csv,train
262695.csv,train
163117.csv,train
248771.csv,train
217458.csv,train
207508.csv,train
181751.csv,train
161502.csv,train
165843.csv,train
133979.csv,train
218066.csv,train
249896.csv,train
240707.csv,train
212850.csv,train
155612.csv,train
243399.csv,train
179366.csv,train
261587.csv,train
257883.csv,train
244452.csv,train
226147.csv,train
249460.csv,train
225109.csv,train
200838.csv,train
194897.csv,train
211285.csv,train
205809.csv,train
219079.csv,train
202908.csv,train
186902.csv,train
265280.csv,train
240246.csv,train
242037.csv,train
206424.csv,train
258011.csv,train
235790.csv,train
237015.csv,train
158143.csv,train
226176.csv,train
243298.csv,train
249937.csv,train
175534.csv,train
235700.csv,train
260566.csv,train
201926.csv,train
247834.csv,train
256316.csv,train
226903.csv,train
232811.csv,train
186729.csv,train
207578.csv,train
262970.csv,train
127877.csv,train
214051.csv,train
216743.csv,train
218758.csv,train
194734.csv,train
249891.csv,train
248381.csv,train
120345.csv,train
251489.csv,train
249349.csv,train
216670.csv,train
134524.csv,train
258821.csv,train
231054.csv,train
165427.csv,train
177464.csv,train
201660.csv,train
238710.csv,train
197861.csv,train
254043.csv,train
197780.csv,train
206498.csv,train
135972.csv,train
227654.csv,train
259595.csv,train
247383.csv,train
198693.csv,train
255160.csv,train
211667.csv,train
230582.csv,train
108512.csv,train
148956.csv,train
215575.csv,train
231359.csv,train
202201.csv,train
225667.csv,train
185944.csv,train
262215.csv,train
244780.csv,train
208264.csv,train
212057.csv,train
219564.csv,train
197619.csv,train
202624.csv,train
244811.csv,train
186958.csv,train
241978.csv,train
247469.csv,train
263710.csv,train
226711.csv,train
110680.csv,train
238714.csv,train
258747.csv,train
217521.csv,train
196711.csv,train
183695.csv,train
187199.csv,train
256428.csv,train
185387.csv,train
170556.csv,train
238475.csv,train
251639.csv,train
121506.csv,train
251041.csv,train
256427.csv,train
194599.csv,train
170691.csv,train
207713.csv,train
208411.csv,train
261285.csv,train
247711.csv,train
174584.csv,train
222640.csv,train
250547.csv,train
237411.csv,train
250639.csv,train
124045.csv,train
157230.csv,train
215553.csv,train
229944.csv,train
225190.csv,train
247784.csv,train
197467.csv,train
260853.csv,train
209719.csv,train
260723.csv,train
260616.csv,train
125857.csv,train
192876.csv,train
245517.csv,train
181782.csv,train
178780.csv,train
239598.csv,train
253374.csv,train
237053.csv,train
247656.csv,train
255012.csv,train
216581.csv,train
230113.csv,train
203392.csv,train
136561.csv,train
250841.csv,train
246703.csv,train
239478.csv,train
250967.csv,train
231017.csv,train
227920.csv,train
217171.csv,train
244602.csv,train
255961.csv,train
177407.csv,train
144819.csv,train
218543.csv,train
196756.csv,train
204662.csv,train
263944.csv,train
245709.csv,train
160286.csv,train
187844.csv,train
147499.csv,train
228569.csv,train
244557.csv,train
203382.csv,train
202312.csv,train
206744.csv,train
116108.csv,train
264194.csv,train
247684.csv,train
226822.csv,train
132754.csv,train
190412.csv,train
205819.csv,train
252380.csv,train
129510.csv,train
216372.csv,train
163310.csv,train
216535.csv,train
197624.csv,train
173156.csv,train
259680.csv,train
226581.csv,train
237384.csv,train
228014.csv,train
239967.csv,train
195728.csv,train
217766.csv,train
207655.csv,train
245446.csv,train
250134.csv,train
265581.csv,train
236294.csv,train
150122.csv,train
247060.csv,train
236758.csv,train
164826.csv,train
165372.csv,train
260810.csv,train
152499.csv,train
218973.csv,train
238093.csv,train
244038.csv,train
224151.csv,train
231244.csv,train
197756.csv,train
205280.csv,train
265795.csv,train
215608.csv,train
253693.csv,train
213963.csv,train
242634.csv,train
137051.csv,train
260409.csv,train
194429.csv,train
164710.csv,train
182341.csv,train
221219.csv,train
141376.csv,train
219534.csv,train
240132.csv,train
254121.csv,train
178768.csv,train
184921.csv,train
171965.csv,train
173290.csv,train
243583.csv,train
155820.csv,train
164413.csv,train
237345.csv,train
231036.csv,train
237316.csv,train
229615.csv,train
127251.csv,train
215169.csv,train
261732.csv,train
260580.csv,train
226947.csv,train
190094.csv,train
242859.csv,train
226780.csv,train
232903.csv,train
218768.csv,train
258135.csv,train
213835.csv,train
239984.csv,train
235230.csv,train
256430.csv,train
218219.csv,train
233657.csv,train
258718.csv,train
244308.csv,train
248026.csv,train
165941.csv,train
135317.csv,train
236489.csv,train
196624.csv,train
187406.csv,train
264329.csv,train
259683.csv,train
250082.csv,train
195610.csv,train
131318.csv,train
243413.csv,train
177152.csv,train
210989.csv,train
212821.csv,train
254977.csv,train
176760.csv,train
213898.csv,train
250513.csv,train
145244.csv,train
240401.csv,train
228374.csv,train
226192.csv,train
256542.csv,train
203055.csv,train
154091.csv,train
245560.csv,train
142374.csv,train
244037.csv,train
172774.csv,train
242564.csv,train
120425.csv,train
147307.csv,train
251111.csv,train
227541.csv,train
254083.csv,train
144135.csv,train
220159.csv,train
105915.csv,train
209820.csv,train
258411.csv,train
167103.csv,train
228501.csv,train
234703.csv,train
237372.csv,train
243717.csv,train
132845.csv,train
147039.csv,train
251251.csv,train
201450.csv,train
198559.csv,train
196054.csv,train
260402.csv,train
235272.csv,train
217462.csv,train
177914.csv,train
183222.csv,train
205795.csv,train
148732.csv,train
133834.csv,train
257963.csv,train
221114.csv,train
171217.csv,train
261264.csv,train
124325.csv,train
243386.csv,train
206747.csv,train
251324.csv,train
234398.csv,train
241786.csv,train
169833.csv,train
211871.csv,train
172631.csv,train
207441.csv,train
249130.csv,train
149837.csv,train
194994.csv,train
250903.csv,train
116023.csv,train
254016.csv,train
126062.csv,train
139916.csv,train
223302.csv,train
265324.csv,train
187307.csv,train
238244.csv,train
227416.csv,train
148749.csv,train
261443.csv,train
234254.csv,train
208600.csv,train
212470.csv,train
228675.csv,train
218223.csv,train
243513.csv,train
218975.csv,train
249698.csv,train
213577.csv,train
132452.csv,train
104552.csv,train
150894.csv,train
194222.csv,train
208529.csv,train
137369.csv,train
261869.csv,train
184613.csv,train
262502.csv,train
112150.csv,train
222687.csv,train
206431.csv,train
144667.csv,train
172178.csv,train
204443.csv,train
208013.csv,train
263751.csv,train
141245.csv,train
261544.csv,train
162632.csv,train
253966.csv,train
149662.csv,train
236637.csv,train
186420.csv,train
256755.csv,train
175813.csv,train
249610.csv,train
236862.csv,train
214584.csv,train
237491.csv,train
104718.csv,train
174642.csv,train
257857.csv,train
200986.csv,train
246512.csv,train
212441.csv,train
174119.csv,train
98882.csv,train
209210.csv,train
236160.csv,train
254437.csv,train
260574.csv,train
228204.csv,train
221406.csv,train
249331.csv,train
160929.csv,train
204906.csv,train
245731.csv,train
93286.csv,train
148655.csv,train
239231.csv,train
243227.csv,train
211598.csv,train
262564.csv,train
210306.csv,train
231930.csv,train
151868.csv,train
162858.csv,train
239309.csv,train
164613.csv,train
255772.csv,train
135035.csv,train
246650.csv,train
174582.csv,train
258312.csv,train
158781.csv,train
182197.csv,train
244477.csv,train
254862.csv,train
227187.csv,train
244814.csv,train
115997.csv,train
185992.csv,train
96164.csv,train
252092.csv,train
145017.csv,train
129259.csv,train
228465.csv,train
174136.csv,train
203114.csv,train
259845.csv,train
228589.csv,train
251940.csv,train
236327.csv,train
162942.csv,train
248867.csv,train
236870.csv,train
253574.csv,train
122102.csv,train
209448.csv,train
204235.csv,train
190236.csv,train
259236.csv,train
173625.csv,train
259012.csv,train
239775.csv,train
260310.csv,train
186066.csv,train
265046.csv,train
245279.csv,train
196344.csv,train
190944.csv,train
192502.csv,train
148239.csv,train
93382.csv,train
189162.csv,train
245144.csv,train
209284.csv,train
249545.csv,train
226430.csv,train
134884.csv,train
198474.csv,train
241357.csv,train
255590.csv,train
245754.csv,train
120703.csv,train
175237.csv,train
196924.csv,train
245479.csv,train
245302.csv,train
229650.csv,train
242732.csv,train
207671.csv,train
227941.csv,train
234056.csv,train
227448.csv,train
209488.csv,train
246053.csv,train
264177.csv,train
253243.csv,train
260627.csv,train
231899.csv,train
246970.csv,train
261644.csv,train
241468.csv,train
260386.csv,train
254858.csv,train
144159.csv,train
135239.csv,train
243782.csv,train
234852.csv,train
217892.csv,train
229254.csv,train
255355.csv,train
245101.csv,train
127244.csv,train
164990.csv,train
222636.csv,train
198268.csv,train
254120.csv,train
177302.csv,train
185415.csv,train
208929.csv,train
173277.csv,train
220053.csv,train
242007.csv,train
123376.csv,train
241325.csv,train
215210.csv,train
220920.csv,train
241205.csv,train
172213.csv,train
248486.csv,train
224611.csv,train
130792.csv,train
248547.csv,train
243490.csv,train
145405.csv,train
158366.csv,train
222279.csv,train
180541.csv,train
136268.csv,train
117184.csv,train
140211.csv,train
194644.csv,train
239233.csv,train
238730.csv,train
143127.csv,train
211347.csv,train
248168.csv,train
180718.csv,train
240555.csv,train
186723.csv,train
135328.csv,train
112337.csv,train
257186.csv,train
243079.csv,train
259516.csv,train
243245.csv,train
146441.csv,train
192945.csv,train
234753.csv,train
235466.csv,train
223373.csv,train
258768.csv,train
124441.csv,train
173707.csv,train
259978.csv,train
201661.csv,train
132696.csv,train
230754.csv,train
215382.csv,train
209119.csv,train
258190.csv,train
242116.csv,train
254168.csv,train
205438.csv,train
253919.csv,train
130150.csv,train
202451.csv,train
168688.csv,train
145050.csv,train
262800.csv,train
196011.csv,train
225057.csv,train
203052.csv,train
252071.csv,train
184032.csv,train
209357.csv,train
232954.csv,train
155979.csv,train
217035.csv,train
203762.csv,train
245235.csv,train
243207.csv,train
171043.csv,train
150156.csv,train
262253.csv,train
151099.csv,train
239043.csv,train
243802.csv,train
182525.csv,train
140183.csv,train
189353.csv,train
197240.csv,train
223424.csv,train
204237.csv,train
205307.csv,train
247852.csv,train
203850.csv,train
194991.csv,train
200466.csv,train
190256.csv,train
158873.csv,train
249801.csv,train
247541.csv,train
236895.csv,train
260064.csv,train
140201.csv,train
215127.csv,train
159983.csv,train
262155.csv,train
146995.csv,train
238538.csv,train
263009.csv,train
243055.csv,train
211365.csv,train
218062.csv,train
231248.csv,train
257907.csv,train
131088.csv,train
244064.csv,train
198236.csv,train
162988.csv,train
248692.csv,train
228584.csv,train
250756.csv,train
190482.csv,train
232310.csv,train
183158.csv,train
149627.csv,train
264112.csv,train
212007.csv,train
104655.csv,train
264858.csv,train
242843.csv,train
207968.csv,train
233667.csv,train
254606.csv,train
118988.csv,train
217625.csv,train
244958.csv,train
165519.csv,train
191910.csv,train
245023.csv,train
179713.csv,train
228698.csv,train
239983.csv,train
210783.csv,train
225134.csv,train
245318.csv,train
202435.csv,train
236456.csv,train
200453.csv,train
181779.csv,train
249248.csv,train
109253.csv,train
256954.csv,train
235157.csv,train
143814.csv,train
242384.csv,train
203353.csv,train
198665.csv,train
225393.csv,train
259383.csv,train
216258.csv,train
242288.csv,train
230955.csv,train
186857.csv,train
244542.csv,train
133663.csv,train
229614.csv,train
241472.csv,train
256477.csv,train
237356.csv,train
242094.csv,train
197151.csv,train
204549.csv,train
218453.csv,train
243529.csv,train
264022.csv,train
250928.csv,train
218962.csv,train
235135.csv,train
128025.csv,train
174967.csv,train
165436.csv,train
256768.csv,train
210189.csv,train
226461.csv,train
256334.csv,train
191755.csv,train
112511.csv,train
131095.csv,train
256867.csv,train
230307.csv,train
188016.csv,train
261508.csv,train
237647.csv,train
149176.csv,train
193934.csv,train
168612.csv,train
210714.csv,train
171873.csv,train
236789.csv,train
241801.csv,train
134267.csv,train
209711.csv,train
230498.csv,train
223714.csv,train
229062.csv,train
140842.csv,train
238069.csv,train
195492.csv,train
135990.csv,train
231682.csv,train
197243.csv,train
220439.csv,train
206357.csv,train
123092.csv,train
154837.csv,train
196654.csv,train
157850.csv,train
242161.csv,train
171950.csv,train
194714.csv,train
231052.csv,train
231582.csv,train
208007.csv,train
229087.csv,train
170782.csv,train
112138.csv,train
252744.csv,train
259368.csv,train
155320.csv,train
255422.csv,train
249185.csv,train
134139.csv,train
265479.csv,train
154196.csv,train
221133.csv,train
249195.csv,train
191727.csv,train
134775.csv,train
190523.csv,train
251014.csv,train
203283.csv,train
136748.csv,train
261767.csv,train
214397.csv,train
205353.csv,train
232989.csv,train
168070.csv,train
182684.csv,train
230563.csv,train
244793.csv,train
203248.csv,train
142998.csv,train
197966.csv,train
166788.csv,train
242746.csv,train
255253.csv,train
255550.csv,train
245826.csv,train
262120.csv,train
246226.csv,train
229474.csv,train
199293.csv,train
243559.csv,train
215749.csv,train
244916.csv,train
129911.csv,train
185550.csv,train
255228.csv,train
112921.csv,train
250401.csv,train
239415.csv,train
114246.csv,train
248693.csv,train
226233.csv,train
173272.csv,train
242666.csv,train
210385.csv,train
219142.csv,train
237005.csv,train
213720.csv,train
159398.csv,train
204012.csv,train
260463.csv,train
112397.csv,train
232156.csv,train
263826.csv,train
240174.csv,train
229347.csv,train
190935.csv,train
152573.csv,train
213573.csv,train
248301.csv,train
263518.csv,train
134090.csv,train
201165.csv,train
214637.csv,train
257350.csv,train
264685.csv,train
241521.csv,train
249488.csv,train
183202.csv,train
202124.csv,train
121054.csv,train
251243.csv,train
249703.csv,train
240727.csv,train
240843.csv,train
258410.csv,train
261763.csv,train
143199.csv,train
197865.csv,train
260558.csv,train
247898.csv,train
244531.csv,train
220446.csv,train
249862.csv,train
260785.csv,train
258576.csv,train
156993.csv,train
245024.csv,train
256388.csv,train
143892.csv,train
254352.csv,train
222133.csv,train
261788.csv,train
166077.csv,train
185177.csv,train
93556.csv,train
221738.csv,train
170871.csv,train
259466.csv,train
109811.csv,train
236374.csv,train
253224.csv,train
137553.csv,train
264856.csv,train
159866.csv,train
213025.csv,train
161379.csv,train
260724.csv,train
253503.csv,train
203709.csv,train
149288.csv,train
148966.csv,train
144844.csv,train
213063.csv,train
188123.csv,train
263757.csv,train
227128.csv,train
255410.csv,train
219406.csv,train
155956.csv,train
207623.csv,train
255734.csv,train
262561.csv,train
222529.csv,train
231221.csv,train
253484.csv,train
258049.csv,train
242480.csv,train
141321.csv,train
227005.csv,train
185220.csv,train
104522.csv,train
146676.csv,train
253756.csv,train
250618.csv,train
245765.csv,train
202631.csv,train
215391.csv,train
133380.csv,train
171305.csv,train
211297.csv,train
142581.csv,train
257637.csv,train
209745.csv,train
145817.csv,train
197471.csv,train
169007.csv,train
202145.csv,train
246229.csv,train
182408.csv,train
220180.csv,train
104141.csv,train
223899.csv,train
221956.csv,train
255968.csv,train
157298.csv,train
250412.csv,train
256039.csv,train
147999.csv,train
131805.csv,train
132534.csv,train
207645.csv,train
228001.csv,train
236681.csv,train
158824.csv,train
253561.csv,train
234446.csv,train
206741.csv,train
198831.csv,train
204933.csv,train
196613.csv,train
228905.csv,train
262394.csv,train
220473.csv,train
185907.csv,train
215648.csv,train
232790.csv,train
135742.csv,train
254474.csv,train
224220.csv,train
145783.csv,train
105078.csv,train
238706.csv,train
205395.csv,train
228284.csv,train
259954.csv,train
258745.csv,train
259933.csv,train
230942.csv,train
216529.csv,train
145759.csv,train
140323.csv,train
254377.csv,train
211832.csv,train
218238.csv,train
196638.csv,train
238194.csv,train
162949.csv,train
243100.csv,train
214805.csv,train
259791.csv,train
254187.csv,train
163923.csv,train
192914.csv,train
159650.csv,train
157845.csv,train
260450.csv,train
135011.csv,train
217867.csv,train
160631.csv,train
146765.csv,train
230828.csv,train
196422.csv,train
242706.csv,train
199914.csv,train
200590.csv,train
204996.csv,train
172306.csv,train
233268.csv,train
240442.csv,train
198503.csv,train
232581.csv,train
208575.csv,train
237229.csv,train
135012.csv,train
183780.csv,train
183607.csv,train
162281.csv,train
242298.csv,train
171425.csv,train
220226.csv,train
241828.csv,train
208565.csv,train
239482.csv,train
184653.csv,train
190273.csv,train
246487.csv,train
221611.csv,train
143956.csv,train
208261.csv,train
195435.csv,train
251971.csv,train
125317.csv,train
201526.csv,train
245912.csv,train
148965.csv,train
257848.csv,train
185965.csv,train
234315.csv,train
221968.csv,train
130371.csv,train
233725.csv,train
210604.csv,train
233841.csv,train
196502.csv,train
243067.csv,train
246301.csv,train
152797.csv,train
243001.csv,train
234712.csv,train
256684.csv,train
236646.csv,train
224012.csv,train
172229.csv,train
199726.csv,train
262520.csv,train
257832.csv,train
197551.csv,train
125618.csv,train
200534.csv,train
260241.csv,train
124187.csv,train
236634.csv,train
244646.csv,train
171982.csv,train
228350.csv,train
249863.csv,train
248675.csv,train
257454.csv,train
262126.csv,train
228955.csv,train
253797.csv,train
236113.csv,train
213161.csv,train
179586.csv,train
256899.csv,train
260444.csv,train
111427.csv,train
209483.csv,train
258230.csv,train
242519.csv,train
223273.csv,train
203794.csv,train
177282.csv,train
162596.csv,train
199755.csv,train
256834.csv,train
171861.csv,train
235359.csv,train
173449.csv,train
233078.csv,train
262983.csv,train
248744.csv,train
219490.csv,train
213114.csv,train
255824.csv,train
161652.csv,train
264596.csv,train
218743.csv,train
214070.csv,train
230501.csv,train
162832.csv,train
250461.csv,train
176138.csv,train
154493.csv,train
258095.csv,train
259773.csv,train
154811.csv,train
203676.csv,train
259493.csv,train
251513.csv,train
256658.csv,train
242114.csv,train
248703.csv,train
173191.csv,train
242371.csv,train
243865.csv,train
252091.csv,train
257421.csv,train
153290.csv,train
244516.csv,train
214736.csv,train
260835.csv,train
254997.csv,train
249780.csv,train
203716.csv,train
232096.csv,train
228392.csv,train
195249.csv,train
153245.csv,train
224048.csv,train
261274.csv,train
205263.csv,train
210436.csv,train
177267.csv,train
260923.csv,train
148846.csv,train
265716.csv,train
135566.csv,train
198018.csv,train
183252.csv,train
185436.csv,train
106476.csv,train
214141.csv,train
220457.csv,train
240029.csv,train
223083.csv,train
252247.csv,train
242090.csv,train
123027.csv,train
215299.csv,train
220819.csv,train
177122.csv,train
176548.csv,train
252496.csv,train
188808.csv,train
224873.csv,train
220033.csv,train
235877.csv,train
205793.csv,train
169485.csv,train
256805.csv,train
254499.csv,train
230979.csv,train
191607.csv,train
170969.csv,train
243530.csv,train
243336.csv,train
117906.csv,train
153791.csv,train
131353.csv,train
201953.csv,train
137118.csv,train
204403.csv,train
223389.csv,train
257200.csv,train
147433.csv,train
226936.csv,train
208221.csv,train
248739.csv,train
244022.csv,train
183757.csv,train
256786.csv,train
207552.csv,train
203517.csv,train
208224.csv,train
162860.csv,train
154267.csv,train
143601.csv,train
253831.csv,train
201137.csv,train
149748.csv,train
227750.csv,train
119480.csv,train
207806.csv,train
165745.csv,train
257694.csv,train
239551.csv,train
245521.csv,train
214517.csv,train
211658.csv,train
222609.csv,train
245721.csv,train
257591.csv,train
238511.csv,train
235641.csv,train
231163.csv,train
230490.csv,train
251008.csv,train
194627.csv,train
245231.csv,train
111809.csv,train
150304.csv,train
220565.csv,train
205835.csv,train
260758.csv,train
236344.csv,train
131162.csv,train
241992.csv,train
256377.csv,train
209042.csv,train
248469.csv,train
151153.csv,train
143428.csv,train
257918.csv,train
233036.csv,train
246556.csv,train
128581.csv,train
233920.csv,train
218745.csv,train
230083.csv,train
232781.csv,train
253272.csv,train
238723.csv,train
227394.csv,train
245743.csv,train
223037.csv,train
139963.csv,train
212180.csv,train
263970.csv,train
167454.csv,train
193501.csv,train
191181.csv,train
262010.csv,train
243562.csv,train
162268.csv,train
245098.csv,train
217454.csv,train
264023.csv,train
200414.csv,train
221539.csv,train
184611.csv,train
224774.csv,train
121126.csv,train
257347.csv,train
175266.csv,train
234190.csv,train
240032.csv,train
181474.csv,train
236458.csv,train
153151.csv,train
210337.csv,train
214839.csv,train
198393.csv,train
211989.csv,train
205256.csv,train
191287.csv,train
237976.csv,train
228504.csv,train
243538.csv,train
200437.csv,train
248560.csv,train
250155.csv,train
174630.csv,train
262639.csv,train
227375.csv,train
181823.csv,train
260267.csv,train
245737.csv,train
201974.csv,train
160787.csv,train
240238.csv,train
258967.csv,train
206325.csv,train
221747.csv,train
205606.csv,train
93263.csv,train
242570.csv,train
205921.csv,train
215318.csv,train
108178.csv,train
202535.csv,train
160624.csv,train
150586.csv,train
224135.csv,train
179719.csv,train
242326.csv,train
240165.csv,train
229050.csv,train
248985.csv,train
264802.csv,train
193336.csv,train
209852.csv,train
244510.csv,train
265088.csv,train
248090.csv,train
219187.csv,train
197731.csv,train
221148.csv,train
171979.csv,train
135733.csv,train
245169.csv,train
228685.csv,train
259171.csv,train
202084.csv,train
196666.csv,train
162226.csv,train
172471.csv,train
212698.csv,train
172480.csv,train
231416.csv,train
258367.csv,train
191370.csv,train
235854.csv,train
143310.csv,train
213926.csv,train
253852.csv,train
257536.csv,train
112545.csv,train
261401.csv,train
205063.csv,train
257660.csv,train
240456.csv,train
258786.csv,train
254621.csv,train
208924.csv,train
144944.csv,train
249259.csv,train
149343.csv,train
217308.csv,train
230694.csv,train
235321.csv,train
265084.csv,train
223015.csv,train
220670.csv,train
177340.csv,train
144016.csv,train
262481.csv,train
93281.csv,train
196812.csv,train
209663.csv,train
222459.csv,train
261905.csv,train
106935.csv,train
145307.csv,train
150513.csv,train
209796.csv,train
256494.csv,train
214241.csv,train
251306.csv,train
243603.csv,train
212578.csv,train
248896.csv,train
196511.csv,train
142454.csv,train
248129.csv,train
192295.csv,train
201126.csv,train
242455.csv,train
143592.csv,train
265552.csv,train
239214.csv,train
176955.csv,train
253722.csv,train
211860.csv,train
235145.csv,train
209124.csv,train
187913.csv,train
228475.csv,train
251877.csv,train
197435.csv,train
243618.csv,train
123406.csv,train
205324.csv,train
215502.csv,train
240352.csv,train
242078.csv,train
241354.csv,train
207251.csv,train
259531.csv,train
188903.csv,train
221419.csv,train
147434.csv,train
133843.csv,train
207917.csv,train
229457.csv,train
141380.csv,train
162403.csv,train
213120.csv,train
205853.csv,train
263261.csv,train
214180.csv,train
236765.csv,train
190863.csv,train
246210.csv,train
170433.csv,train
201794.csv,train
140821.csv,train
215786.csv,train
163402.csv,train
239363.csv,train
254931.csv,train
245866.csv,train
203788.csv,train
261822.csv,train
125741.csv,train
236391.csv,train
257895.csv,train
198394.csv,train
140077.csv,train
132002.csv,train
197040.csv,train
226880.csv,train
236777.csv,train
184871.csv,train
188281.csv,train
130753.csv,train
246345.csv,train
246669.csv,train
236659.csv,train
247782.csv,train
244592.csv,train
221091.csv,train
250690.csv,train
142660.csv,train
172946.csv,train
111337.csv,train
243835.csv,train
256328.csv,train
226917.csv,train
235122.csv,train
245422.csv,train
212500.csv,train
216842.csv,train
251446.csv,train
257360.csv,train
260401.csv,train
249332.csv,train
187363.csv,train
191463.csv,train
236580.csv,train
224282.csv,train
216985.csv,train
211476.csv,train
247214.csv,train
215550.csv,train
196419.csv,train
208975.csv,train
257334.csv,train
231940.csv,train
242543.csv,train
178335.csv,train
245552.csv,train
165044.csv,train
231752.csv,train
147102.csv,train
262264.csv,train
175121.csv,train
220576.csv,train
229643.csv,train
114604.csv,train
199356.csv,train
232936.csv,train
197535.csv,train
232260.csv,train
114256.csv,train
112322.csv,train
217825.csv,train
249242.csv,train
232576.csv,train
108105.csv,train
113977.csv,train
228254.csv,train
255876.csv,train
242317.csv,train
249321.csv,train
253094.csv,train
135173.csv,train
248016.csv,train
223829.csv,train
229982.csv,train
185988.csv,train
110962.csv,train
165908.csv,train
262835.csv,train
188721.csv,train
243377.csv,train
247028.csv,train
217943.csv,train
107984.csv,train
132575.csv,train
140070.csv,train
126261.csv,train
252406.csv,train
134908.csv,train
244310.csv,train
249335.csv,train
176423.csv,train
228319.csv,train
234346.csv,train
162556.csv,train
172423.csv,train
208704.csv,train
172257.csv,train
224606.csv,train
228474.csv,train
254703.csv,train
264189.csv,train
194336.csv,train
206721.csv,train
234850.csv,train
229290.csv,train
192087.csv,train
237193.csv,train
212563.csv,train
188315.csv,train
205659.csv,train
180024.csv,train
166515.csv,train
201106.csv,train
218666.csv,train
238373.csv,train
238950.csv,train
235211.csv,train
246610.csv,train
114071.csv,train
163880.csv,train
186530.csv,train
236221.csv,train
131789.csv,train
218209.csv,train
203638.csv,train
211164.csv,train
182644.csv,train
204575.csv,train
256573.csv,train
147633.csv,train
225600.csv,train
229150.csv,train
230721.csv,train
209598.csv,train
246560.csv,train
252831.csv,train
209535.csv,train
244904.csv,train
232721.csv,train
225619.csv,train
212697.csv,train
198737.csv,train
204775.csv,train
235062.csv,train
190648.csv,train
259552.csv,train
183022.csv,train
241235.csv,train
191335.csv,train
227341.csv,train
154635.csv,train
177921.csv,train
263961.csv,train
93800.csv,train
202347.csv,train
206049.csv,train
184417.csv,train
227406.csv,train
185766.csv,train
235765.csv,train
255941.csv,train
177417.csv,train
139548.csv,train
129832.csv,train
241089.csv,train
241337.csv,train
212252.csv,train
196553.csv,train
133336.csv,train
178004.csv,train
232906.csv,train
145588.csv,train
211196.csv,train
223089.csv,train
141548.csv,train
244769.csv,train
247038.csv,train
182692.csv,train
193882.csv,train
259520.csv,train
214059.csv,train
160135.csv,train
232322.csv,train
235563.csv,train
247764.csv,train
217981.csv,train
236206.csv,train
134698.csv,train
225024.csv,train
163491.csv,train
202057.csv,train
187289.csv,train
190932.csv,train
259764.csv,train
233133.csv,train
176349.csv,train
212056.csv,train
201857.csv,train
258217.csv,train
217322.csv,train
218467.csv,train
204377.csv,train
231757.csv,train
212743.csv,train
254336.csv,train
207726.csv,train
132099.csv,train
229028.csv,train
235460.csv,train
220136.csv,train
243039.csv,train
174086.csv,train
239980.csv,train
253401.csv,train
262923.csv,train
197579.csv,train
201990.csv,train
218152.csv,train
186464.csv,train
260445.csv,train
253301.csv,train
202139.csv,train
190262.csv,train
204628.csv,train
240527.csv,train
238195.csv,train
204389.csv,train
237990.csv,train
189597.csv,train
199897.csv,train
229818.csv,train
162562.csv,train
134382.csv,train
254842.csv,train
251342.csv,train
189725.csv,train
221594.csv,train
216483.csv,train
131110.csv,train
191780.csv,train
248315.csv,train
240522.csv,train
222681.csv,train
126210.csv,train
240177.csv,train
148589.csv,train
137122.csv,train
183281.csv,train
190904.csv,train
113973.csv,train
242158.csv,train
262738.csv,train
125304.csv,train
152574.csv,train
177490.csv,train
197672.csv,train
167909.csv,train
207946.csv,train
224535.csv,train
192445.csv,train
188269.csv,train
212525.csv,train
232549.csv,train
219625.csv,train
254785.csv,train
225019.csv,train
246841.csv,train
117933.csv,train
105595.csv,train
186799.csv,train
157962.csv,train
232206.csv,train
214891.csv,train
233068.csv,train
174826.csv,train
155057.csv,train
208153.csv,train
245307.csv,train
159814.csv,train
263957.csv,train
141858.csv,train
211932.csv,train
212314.csv,train
222931.csv,train
212978.csv,train
211717.csv,train
219053.csv,train
246940.csv,train
261577.csv,train
160592.csv,train
175268.csv,train
217413.csv,train
252063.csv,train
124890.csv,train
226494.csv,train
137805.csv,train
135159.csv,train
233620.csv,train
135940.csv,train
249118.csv,train
219559.csv,train
249351.csv,train
139645.csv,train
238274.csv,train
185914.csv,train
105482.csv,train
193839.csv,train
215345.csv,train
117127.csv,train
202995.csv,train
224924.csv,train
235763.csv,train
134708.csv,train
236460.csv,train
255903.csv,train
218382.csv,train
230749.csv,train
159379.csv,train
223579.csv,train
134297.csv,train
222582.csv,train
230480.csv,train
264680.csv,train
228363.csv,train
256162.csv,train
183192.csv,train
154300.csv,train
262069.csv,train
231328.csv,train
252740.csv,train
255375.csv,train
165419.csv,train
233020.csv,train
237475.csv,train
182381.csv,train
251453.csv,train
234469.csv,train
135345.csv,train
152419.csv,train
236477.csv,train
141365.csv,train
257259.csv,train
232138.csv,train
259089.csv,train
247488.csv,train
259891.csv,train
240365.csv,train
192435.csv,train
185955.csv,train
246232.csv,train
233084.csv,train
226185.csv,train
264433.csv,train
218430.csv,train
211607.csv,train
241430.csv,train
263048.csv,train
166962.csv,train
227242.csv,train
159993.csv,train
186040.csv,train
186404.csv,train
242124.csv,train
210668.csv,train
246729.csv,train
246710.csv,train
154700.csv,train
203383.csv,train
229665.csv,train
216860.csv,train
248454.csv,train
202815.csv,train
225502.csv,train
154855.csv,train
135464.csv,train
252290.csv,train
209559.csv,train
245316.csv,train
195090.csv,train
112163.csv,train
237493.csv,train
261965.csv,train
202158.csv,train
253663.csv,train
265239.csv,train
222694.csv,train
190078.csv,train
256925.csv,train
262685.csv,train
108188.csv,train
192531.csv,train
204994.csv,train
250268.csv,train
162631.csv,train
176740.csv,train
146830.csv,train
216241.csv,train
143913.csv,train
249897.csv,train
230910.csv,train
262056.csv,train
216877.csv,train
244016.csv,train
241864.csv,train
174132.csv,train
261641.csv,train
236893.csv,train
201065.csv,train
206632.csv,train
113032.csv,train
177103.csv,train
194332.csv,train
244880.csv,train
224268.csv,train
247874.csv,train
205759.csv,train
152529.csv,train
178803.csv,train
197368.csv,train
264566.csv,train
248111.csv,train
160228.csv,train
228772.csv,train
231751.csv,train
233869.csv,train
244286.csv,train
223637.csv,train
198980.csv,train
206360.csv,train
150748.csv,train
241076.csv,train
236933.csv,train
201604.csv,train
111044.csv,train
129108.csv,train
252741.csv,train
177108.csv,train
229003.csv,train
215562.csv,train
128389.csv,train
174194.csv,train
218712.csv,train
250271.csv,train
129078.csv,train
232863.csv,train
256087.csv,train
253488.csv,train
245211.csv,train
144860.csv,train
135007.csv,train
258803.csv,train
199142.csv,train
249918.csv,train
199437.csv,train
181195.csv,train
245068.csv,train
227059.csv,train
226895.csv,train
245262.csv,train
217076.csv,train
168762.csv,train
263283.csv,train
106841.csv,train
161528.csv,train
258537.csv,train
226530.csv,train
205718.csv,train
218091.csv,train
148240.csv,train
133580.csv,train
265620.csv,train
243957.csv,train
258141.csv,train
232447.csv,train
246749.csv,train
133131.csv,train
191319.csv,train
257161.csv,train
239329.csv,train
242251.csv,train
151151.csv,train
161490.csv,train
197210.csv,train
236162.csv,train
197094.csv,train
256822.csv,train
182348.csv,train
260375.csv,train
227384.csv,train
194167.csv,train
245511.csv,train
222118.csv,train
207965.csv,train
141496.csv,train
253600.csv,train
130525.csv,train
200185.csv,train
252259.csv,train
256815.csv,train
255275.csv,train
212552.csv,train
233849.csv,train
237545.csv,train
250781.csv,train
199567.csv,train
197441.csv,train
235985.csv,train
208270.csv,train
227478.csv,train
249133.csv,train
228370.csv,train
183869.csv,train
199807.csv,train
201473.csv,train
187171.csv,train
201620.csv,train
259204.csv,train
198119.csv,train
192296.csv,train
265712.csv,train
227872.csv,train
255157.csv,train
195762.csv,train
244460.csv,train
247358.csv,train
265029.csv,train
234311.csv,train
207474.csv,train
232683.csv,train
224414.csv,train
173381.csv,train
203735.csv,train
212137.csv,train
231850.csv,train
227253.csv,train
246068.csv,train
259055.csv,train
262048.csv,train
183882.csv,train
231154.csv,train
161673.csv,train
260350.csv,train
226414.csv,train
241917.csv,train
255387.csv,train
217704.csv,train
182855.csv,train
218021.csv,train
166095.csv,train
218812.csv,train
261423.csv,train
221926.csv,train
115516.csv,train
178055.csv,train
151325.csv,train
237450.csv,train
124870.csv,train
191264.csv,train
164618.csv,train
252680.csv,train
256198.csv,train
243252.csv,train
231750.csv,train
172745.csv,train
227553.csv,train
264725.csv,train
258301.csv,train
261654.csv,train
238214.csv,train
238287.csv,train
245474.csv,train
196109.csv,train
226761.csv,train
240448.csv,train
250989.csv,train
243259.csv,train
202936.csv,train
238936.csv,train
218510.csv,train
151261.csv,train
247102.csv,train
205808.csv,train
210800.csv,train
114226.csv,train
226782.csv,train
201848.csv,train
236309.csv,train
228425.csv,train
232582.csv,train
230410.csv,train
230151.csv,train
259083.csv,train
240164.csv,train
201782.csv,train
242316.csv,train
214840.csv,train
261832.csv,train
204295.csv,train
242023.csv,train
205469.csv,train
255079.csv,train
230928.csv,train
261415.csv,train
165072.csv,train
223986.csv,train
231204.csv,train
226662.csv,train
252349.csv,train
161336.csv,train
129515.csv,train
255074.csv,train
265059.csv,train
229385.csv,train
216322.csv,train
230339.csv,train
249947.csv,train
181062.csv,train
163429.csv,train
210430.csv,train
235609.csv,train
206914.csv,train
211497.csv,train
215061.csv,train
93258.csv,train
158342.csv,train
155075.csv,train
241868.csv,train
247793.csv,train
256562.csv,train
198218.csv,train
234724.csv,train
223182.csv,train
229859.csv,train
213674.csv,train
254193.csv,train
257743.csv,train
262257.csv,train
209985.csv,train
179438.csv,train
236151.csv,train
237237.csv,train
133261.csv,train
216200.csv,train
131600.csv,train
210446.csv,train
216567.csv,train
255280.csv,train
262285.csv,train
160088.csv,train
220662.csv,train
150783.csv,train
109408.csv,train
233027.csv,train
260425.csv,train
226163.csv,train
246979.csv,train
245374.csv,train
240496.csv,train
228942.csv,train
198545.csv,train
254674.csv,train
132613.csv,train
208798.csv,train
238874.csv,train
253218.csv,train
190908.csv,train
262587.csv,train
229965.csv,train
214937.csv,train
145011.csv,train
118256.csv,train
229152.csv,train
203081.csv,train
229243.csv,train
225680.csv,train
230850.csv,train
229204.csv,train
169095.csv,train
177865.csv,train
203621.csv,train
238222.csv,train
205405.csv,train
169340.csv,train
192607.csv,train
218732.csv,train
242219.csv,train
213191.csv,train
200156.csv,train
133101.csv,train
147273.csv,train
162717.csv,train
263887.csv,train
223084.csv,train
196447.csv,train
156660.csv,train
225635.csv,train
191091.csv,train
204413.csv,train
150334.csv,train
249467.csv,train
230892.csv,train
254847.csv,train
158884.csv,train
98485.csv,train
207868.csv,train
204426.csv,train
203591.csv,train
163236.csv,train
261036.csv,train
264396.csv,train
182975.csv,train
225255.csv,train
258581.csv,train
218397.csv,train
221680.csv,train
168783.csv,train
135068.csv,train
139614.csv,train
261803.csv,train
201455.csv,train
261090.csv,train
248305.csv,train
98886.csv,train
227762.csv,train
255902.csv,train
244320.csv,train
200039.csv,train
261991.csv,train
243124.csv,train
229196.csv,train
123818.csv,train
244032.csv,train
252481.csv,train
250551.csv,train
237409.csv,train
184760.csv,train
245105.csv,train
195900.csv,train
238091.csv,train
244294.csv,train
252829.csv,train
257965.csv,train
122295.csv,train
130324.csv,train
236403.csv,train
206726.csv,train
241349.csv,train
242914.csv,train
245783.csv,train
172862.csv,train
167484.csv,train
238519.csv,train
239986.csv,train
172359.csv,train
264419.csv,train
229666.csv,train
260896.csv,train
232706.csv,train
242109.csv,train
252108.csv,train
257871.csv,train
157532.csv,train
197508.csv,train
257102.csv,train
243700.csv,train
180059.csv,train
193159.csv,train
141471.csv,train
198907.csv,train
231168.csv,train
207935.csv,train
187296.csv,train
204908.csv,train
170250.csv,train
263138.csv,train
257710.csv,train
166900.csv,train
231110.csv,train
157283.csv,train
134206.csv,train
262885.csv,train
220877.csv,train
158383.csv,train
175763.csv,train
239470.csv,train
244112.csv,train
234914.csv,train
158241.csv,train
207751.csv,train
231064.csv,train
247776.csv,train
225583.csv,train
223106.csv,train
253173.csv,train
244363.csv,train
204094.csv,train
157560.csv,train
139931.csv,train
237823.csv,train
217519.csv,train
253647.csv,train
231871.csv,train
227301.csv,train
254722.csv,train
261191.csv,train
136594.csv,train
143771.csv,train
241943.csv,train
158596.csv,train
262068.csv,train
260128.csv,train
210899.csv,train
237419.csv,train
235269.csv,train
258487.csv,train
253392.csv,train
228792.csv,train
261835.csv,train
162237.csv,train
181934.csv,train
260618.csv,train
259857.csv,train
230295.csv,train
209884.csv,train
173796.csv,train
243935.csv,train
168664.csv,train
201864.csv,train
200177.csv,train
233752.csv,train
234746.csv,train
136378.csv,train
208097.csv,train
246570.csv,train
204458.csv,train
247957.csv,train
144168.csv,train
222530.csv,train
173193.csv,train
223365.csv,train
258263.csv,train
259999.csv,train
156757.csv,train
181740.csv,train
228518.csv,train
256360.csv,train
199160.csv,train
241938.csv,train
185408.csv,train
222667.csv,train
194852.csv,train
195105.csv,train
154800.csv,train
253678.csv,train
213814.csv,train
231087.csv,train
229268.csv,train
177081.csv,train
120684.csv,train
93292.csv,train
192879.csv,train
198065.csv,train
244949.csv,train
203780.csv,train
215753.csv,train
210613.csv,train
232268.csv,train
161564.csv,train
237660.csv,train
140785.csv,train
222369.csv,train
211320.csv,train
211183.csv,train
223103.csv,train
247657.csv,train
167036.csv,train
241340.csv,train
125480.csv,train
236838.csv,train
213033.csv,train
209956.csv,train
210518.csv,train
244605.csv,train
190139.csv,train
137119.csv,train
256677.csv,train
127329.csv,train
262429.csv,train
247565.csv,train
241575.csv,train
163055.csv,train
254335.csv,train
264616.csv,train
247688.csv,train
230728.csv,train
210088.csv,train
217008.csv,train
243893.csv,train
246857.csv,train
257943.csv,train
134599.csv,train
254702.csv,train
197516.csv,train
221185.csv,train
250599.csv,train
208740.csv,train
252581.csv,train
222736.csv,train
208630.csv,train
222366.csv,train
248845.csv,train
171729.csv,train
220011.csv,train
241057.csv,train
260517.csv,train
202764.csv,train
201175.csv,train
245957.csv,train
205461.csv,train
141802.csv,train
251066.csv,train
204699.csv,train
200818.csv,train
234165.csv,train
175393.csv,train
241045.csv,train
252709.csv,train
256214.csv,train
219671.csv,train
142638.csv,train
196351.csv,train
231203.csv,train
254787.csv,train
229163.csv,train
249065.csv,train
229068.csv,train
177240.csv,train
206910.csv,train
213702.csv,train
221704.csv,train
216101.csv,train
221412.csv,train
210772.csv,train
157371.csv,train
197408.csv,train
205868.csv,train
245493.csv,train
132297.csv,train
209233.csv,train
199223.csv,train
178133.csv,train
244792.csv,train
128517.csv,train
193617.csv,train
226618.csv,train
233839.csv,train
215783.csv,train
230923.csv,train
203281.csv,train
203892.csv,train
130482.csv,train
181222.csv,train
131077.csv,train
182211.csv,train
200753.csv,train
128645.csv,train
224060.csv,train
135637.csv,train
160387.csv,train
175876.csv,train
243420.csv,train
227280.csv,train
249339.csv,train
260603.csv,train
248264.csv,train
256220.csv,train
244416.csv,train
256567.csv,train
234251.csv,train
255593.csv,train
131188.csv,train
159951.csv,train
205971.csv,train
238701.csv,train
149500.csv,train
255532.csv,train
245602.csv,train
190936.csv,train
207770.csv,train
137217.csv,train
209246.csv,train
114090.csv,train
193670.csv,train
211542.csv,train
213734.csv,train
243754.csv,train
131041.csv,train
226093.csv,train
214359.csv,train
259799.csv,train
235276.csv,train
230193.csv,train
252083.csv,train
233979.csv,train
231919.csv,train
137277.csv,train
209794.csv,train
231640.csv,train
258912.csv,train
246601.csv,train
246264.csv,train
177328.csv,train
218524.csv,train
237265.csv,train
190886.csv,train
208796.csv,train
242154.csv,train
104677.csv,train
220430.csv,train
200411.csv,train
163219.csv,train
191137.csv,train
237864.csv,train
230911.csv,train
243441.csv,train
114200.csv,train
232959.csv,train
240434.csv,train
229371.csv,train
265137.csv,train
135598.csv,train
223991.csv,train
242767.csv,train
255924.csv,train
253202.csv,train
190516.csv,train
132276.csv,train
156383.csv,train
202088.csv,train
190425.csv,train
257902.csv,train
151983.csv,train
219525.csv,train
232102.csv,train
257177.csv,train
234585.csv,train
165349.csv,train
185540.csv,train
252256.csv,train
115524.csv,train
141636.csv,train
106982.csv,train
242205.csv,train
222942.csv,train
226005.csv,train
250483.csv,train
162190.csv,train
249402.csv,train
226537.csv,train
261065.csv,train
129425.csv,train
161545.csv,train
163900.csv,train
206373.csv,train
244968.csv,train
147817.csv,train
204336.csv,train
122052.csv,train
187127.csv,train
211812.csv,train
142305.csv,train
213616.csv,train
190109.csv,train
264250.csv,train
229611.csv,train
215429.csv,train
133809.csv,train
254899.csv,train
120889.csv,train
208384.csv,train
223280.csv,train
186681.csv,train
145322.csv,train
221456.csv,train
260851.csv,train
230750.csv,train
223070.csv,train
197360.csv,train
169541.csv,train
143100.csv,train
199102.csv,train
157420.csv,train
230974.csv,train
251063.csv,train
258365.csv,train
235313.csv,train
211201.csv,train
227561.csv,train
244274.csv,train
133500.csv,train
193016.csv,train
260398.csv,train
241296.csv,train
181456.csv,train
170260.csv,train
218800.csv,train
232049.csv,train
229693.csv,train
212872.csv,train
262246.csv,train
259995.csv,train
221816.csv,train
237243.csv,train
247579.csv,train
210756.csv,train
179253.csv,train
226000.csv,train
203188.csv,train
190607.csv,train
232755.csv,train
189477.csv,train
223017.csv,train
199090.csv,train
241839.csv,train
222392.csv,train
190402.csv,train
247399.csv,train
210242.csv,train
217746.csv,train
256759.csv,train
221476.csv,train
171328.csv,train
242942.csv,train
249120.csv,train
175457.csv,train
170376.csv,train
167497.csv,train
212126.csv,train
240483.csv,test
159018.csv,test
242413.csv,test
206555.csv,test
253056.csv,test
129156.csv,test
231946.csv,test
233383.csv,test
264277.csv,test
148688.csv,test
201190.csv,test
140918.csv,test
167753.csv,test
161536.csv,test
187486.csv,test
178470.csv,test
228076.csv,test
207419.csv,test
185362.csv,test
175343.csv,test
203106.csv,test
209990.csv,test
115250.csv,test
252453.csv,test
230270.csv,test
219535.csv,test
246802.csv,test
244670.csv,test
145859.csv,test
231938.csv,test
248359.csv,test
258702.csv,test
257399.csv,test
158113.csv,test
205525.csv,test
244469.csv,test
212097.csv,test
260581.csv,test
203205.csv,test
143331.csv,test
250829.csv,test
257784.csv,test
158373.csv,test
214651.csv,test
246067.csv,test
249634.csv,test
260740.csv,test
203287.csv,test
208446.csv,test
162839.csv,test
246189.csv,test
238749.csv,test
142297.csv,test
206134.csv,test
165471.csv,test
241067.csv,test
245571.csv,test
193380.csv,test
198929.csv,test
213697.csv,test
247580.csv,test
235640.csv,test
146401.csv,test
205613.csv,test
136695.csv,test
206313.csv,test
244815.csv,test
243385.csv,test
133513.csv,test
240526.csv,test
247652.csv,test
206782.csv,test
217397.csv,test
213889.csv,test
256862.csv,test
211404.csv,test
210187.csv,test
168936.csv,test
241810.csv,test
231568.csv,test
231719.csv,test
221652.csv,test
257676.csv,test
250725.csv,test
192480.csv,test
129615.csv,test
173192.csv,test
244687.csv,test
229880.csv,test
143224.csv,test
251327.csv,test
207605.csv,test
149460.csv,test
257922.csv,test
135372.csv,test
260392.csv,test
229505.csv,test
226891.csv,test
241339.csv,test
204759.csv,test
177443.csv,test
245150.csv,test
237370.csv,test
223088.csv,test
259443.csv,test
235287.csv,test
238491.csv,test
224976.csv,test
213243.csv,test
230140.csv,test
240207.csv,test
242166.csv,test
255277.csv,test
244552.csv,test
140756.csv,test
199389.csv,test
210863.csv,test
134530.csv,test
129123.csv,test
223357.csv,test
224795.csv,test
260869.csv,test
140016.csv,test
230153.csv,test
208695.csv,test
134359.csv,test
239930.csv,test
197534.csv,test
202247.csv,test
243406.csv,test
257488.csv,test
225989.csv,test
137521.csv,test
221705.csv,test
165867.csv,test
203964.csv,test
259521.csv,test
204957.csv,test
242918.csv,test
243733.csv,test
244441.csv,test
236501.csv,test
247884.csv,test
223016.csv,test
238419.csv,test
236428.csv,test
225144.csv,test
228795.csv,test
243202.csv,test
174524.csv,test
140303.csv,test
245470.csv,test
264254.csv,test
241032.csv,test
173526.csv,test
180403.csv,test
194110.csv,test
163986.csv,test
261862.csv,test
190191.csv,test
164572.csv,test
244623.csv,test
208595.csv,test
208350.csv,test
179211.csv,test
230446.csv,test
232379.csv,test
153266.csv,test
243557.csv,test
230482.csv,test
140659.csv,test
172220.csv,test
206065.csv,test
258769.csv,test
207019.csv,test
203288.csv,test
255745.csv,test
141448.csv,test
231700.csv,test
216188.csv,test
239584.csv,test
221262.csv,test
261858.csv,test
150286.csv,test
221402.csv,test
144307.csv,test
209915.csv,test
248828.csv,test
224469.csv,test
242422.csv,test
173096.csv,test
205106.csv,test
116445.csv,test
216801.csv,test
153940.csv,test
199939.csv,test
218688.csv,test
244138.csv,test
250877.csv,test
216729.csv,test
237526.csv,test
220436.csv,test
259564.csv,test
203668.csv,test
141283.csv,test
259275.csv,test
115463.csv,test
221329.csv,test
130669.csv,test
215566.csv,test
139183.csv,test
208945.csv,test
246583.csv,test
235751.csv,test
229393.csv,test
255612.csv,test
250215.csv,test
232626.csv,test
212651.csv,test
158435.csv,test
174174.csv,test
220588.csv,test
229158.csv,test
108958.csv,test
155675.csv,test
205490.csv,test
199924.csv,test
194061.csv,test
161446.csv,test
184840.csv,test
202109.csv,test
183017.csv,test
108815.csv,test
134104.csv,test
240678.csv,test
215229.csv,test
186284.csv,test
131714.csv,test
203059.csv,test
246498.csv,test
231995.csv,test
228124.csv,test
240111.csv,test
247594.csv,test
247572.csv,test
198763.csv,test
151819.csv,test
261059.csv,test
207856.csv,test
153140.csv,test
230674.csv,test
185519.csv,test
197405.csv,test
218234.csv,test
257228.csv,test
255594.csv,test
228023.csv,test
219581.csv,test
246048.csv,test
222239.csv,test
197267.csv,test
142299.csv,test
247134.csv,test
132878.csv,test
242397.csv,test
262878.csv,test
168106.csv,test
133633.csv,test
143419.csv,test
240393.csv,test
236866.csv,test
256332.csv,test
252078.csv,test
203476.csv,test
211056.csv,test
168619.csv,test
207275.csv,test
254996.csv,test
218999.csv,test
212006.csv,test
185491.csv,test
232377.csv,test
145332.csv,test
124112.csv,test
243553.csv,test
162880.csv,test
137961.csv,test
216237.csv,test
245622.csv,test
236699.csv,test
163144.csv,test
175583.csv,test
107720.csv,test
208593.csv,test
207063.csv,test
203110.csv,test
250141.csv,test
197423.csv,test
175374.csv,test
256347.csv,test
196442.csv,test
249156.csv,test
245706.csv,test
264274.csv,test
120742.csv,test
235524.csv,test
244413.csv,test
247244.csv,test
242071.csv,test
242679.csv,test
236058.csv,test
220411.csv,test
187405.csv,test
237672.csv,test
261620.csv,test
153747.csv,test
210708.csv,test
235503.csv,test
208467.csv,test
150934.csv,test
187038.csv,test
227690.csv,test
245577.csv,test
167654.csv,test
185114.csv,test
230165.csv,test
238238.csv,test
262291.csv,test
208662.csv,test
203583.csv,test
259491.csv,test
255982.csv,test
133333.csv,test
252057.csv,test
219444.csv,test
246327.csv,test
208892.csv,test
256761.csv,test
156585.csv,test
246780.csv,test
205608.csv,test
236144.csv,test
236129.csv,test
239259.csv,test
135099.csv,test
235508.csv,test
158668.csv,test
211382.csv,test
147203.csv,test
220788.csv,test
257066.csv,test
143499.csv,test
257435.csv,test
137112.csv,test
226738.csv,test
248505.csv,test
166658.csv,test
211674.csv,test
193870.csv,test
246313.csv,test
253822.csv,test
220069.csv,test
203584.csv,test
146641.csv,test
252977.csv,test
218436.csv,test
215829.csv,test
223580.csv,test
206904.csv,test
218195.csv,test
188028.csv,test
223341.csv,test
220519.csv,test
185471.csv,test
252019.csv,test
234922.csv,test
245093.csv,test
261029.csv,test
259758.csv,test
250052.csv,test
147835.csv,test
220525.csv,test
241378.csv,test
229974.csv,test
264374.csv,test
201061.csv,test
232378.csv,test
240493.csv,test
212720.csv,test
205165.csv,test
251118.csv,test
234543.csv,test
257477.csv,test
243552.csv,test
242907.csv,test
197562.csv,test
157771.csv,test
136566.csv,test
164871.csv,test
241639.csv,test
204835.csv,test
142034.csv,test
139894.csv,test
222330.csv,test
251155.csv,test
228444.csv,test
150888.csv,test
248445.csv,test
220029.csv,test
216369.csv,test
227353.csv,test
135204.csv,test
124543.csv,test
244461.csv,test
224147.csv,test
259495.csv,test
231429.csv,test
245795.csv,test
252667.csv,test
131007.csv,test
242171.csv,test
186596.csv,test
229802.csv,test
223364.csv,test
151110.csv,test
240158.csv,test
230744.csv,test
209939.csv,test
222887.csv,test
226940.csv,test
135885.csv,test
153071.csv,test
231924.csv,test
219164.csv,test
157825.csv,test
133544.csv,test
196068.csv,test
173820.csv,test
113988.csv,test
205014.csv,test
239578.csv,test
190441.csv,test
209354.csv,test
113330.csv,test
159300.csv,test
120454.csv,test
245962.csv,test
151350.csv,test
173835.csv,test
255561.csv,test
254956.csv,test
158634.csv,test
163539.csv,test
197915.csv,test
105384.csv,test
240378.csv,test
260748.csv,test
256509.csv,test
189264.csv,test
185622.csv,test
239256.csv,test
183825.csv,test
235281.csv,test
259843.csv,test
183177.csv,test
236532.csv,test
157734.csv,test
191520.csv,test
262097.csv,test
263275.csv,test
116772.csv,test
240467.csv,test
244060.csv,test
244304.csv,test
259018.csv,test
246120.csv,test
145319.csv,test
223675.csv,test
156545.csv,test
177862.csv,test
197712.csv,test
215776.csv,test
135189.csv,test
209438.csv,test
244560.csv,test
234052.csv,test
210630.csv,test
248386.csv,test
147881.csv,test
209998.csv,test
190166.csv,test
222455.csv,test
222278.csv,test
185826.csv,test
211143.csv,test
248881.csv,test
125696.csv,test
198235.csv,test
217311.csv,test
242247.csv,test
228384.csv,test
147756.csv,test
245440.csv,test
260954.csv,test
167589.csv,test
252553.csv,test
254619.csv,test
239411.csv,test
218916.csv,test
233466.csv,test
249444.csv,test
254706.csv,test
246803.csv,test
211189.csv,test
223595.csv,test
214116.csv,test
160642.csv,test
233089.csv,test
256452.csv,test
147356.csv,test
154293.csv,test
228631.csv,test
202478.csv,test
128836.csv,test
131604.csv,test
162371.csv,test
154431.csv,test
217330.csv,test
244932.csv,test
202204.csv,test
249945.csv,test
225198.csv,test
243738.csv,test
135704.csv,test
244837.csv,test
186550.csv,test
241821.csv,test
205479.csv,test
236095.csv,test
242523.csv,test
119856.csv,test
226392.csv,test
189383.csv,test
247219.csv,test
150946.csv,test
211259.csv,test
244001.csv,test
212723.csv,test
264738.csv,test
195211.csv,test
246952.csv,test
260875.csv,test
210825.csv,test
257340.csv,test
157116.csv,test
233019.csv,test
195763.csv,test
112934.csv,test
215135.csv,test
145029.csv,test
210432.csv,test
235572.csv,test
215611.csv,test
247181.csv,test
252311.csv,test
247389.csv,test
187312.csv,test
162648.csv,test
140281.csv,test
225906.csv,test
153907.csv,test
206858.csv,test
255127.csv,test
255442.csv,test
227662.csv,test
194264.csv,test
171069.csv,test
197320.csv,test
229598.csv,test
232417.csv,test
210444.csv,test
259874.csv,test
159471.csv,test
181812.csv,test
174155.csv,test
256998.csv,test
255217.csv,test
205351.csv,test
201089.csv,test
145013.csv,test
159133.csv,test
253351.csv,test
265327.csv,test
238423.csv,test
126055.csv,test
221853.csv,test
203107.csv,test
129779.csv,test
244736.csv,test
264629.csv,test
147322.csv,test
243215.csv,test
161224.csv,test
247844.csv,test
245828.csv,test
252034.csv,test
247548.csv,test
193162.csv,test
242631.csv,test
177950.csv,test
243825.csv,test
186018.csv,test
208713.csv,test
241535.csv,test
263863.csv,test
199236.csv,test
229100.csv,test
254936.csv,test
241486.csv,test
132700.csv,test
254870.csv,test
248388.csv,test
256250.csv,test
109321.csv,test
197515.csv,test
262618.csv,test
245735.csv,test
117239.csv,test
201110.csv,test
249723.csv,test
201193.csv,test
237790.csv,test
93226.csv,test
237376.csv,test
212797.csv,test
190301.csv,test
150550.csv,test
227787.csv,test
213257.csv,test
181098.csv,test
202168.csv,test
223954.csv,test
193030.csv,test
248887.csv,test
219638.csv,test
264281.csv,test
201776.csv,test
239442.csv,test
207896.csv,test
222012.csv,test
139957.csv,test
168772.csv,test
234347.csv,test
247522.csv,test
199546.csv,test
225432.csv,test
111325.csv,test
246481.csv,test
194016.csv,test
224393.csv,test
193732.csv,test
243955.csv,test
224645.csv,test
188907.csv,test
163077.csv,test
238860.csv,test
229171.csv,test
190917.csv,test
248104.csv,test
242542.csv,test
261729.csv,test
241766.csv,test
141484.csv,test
174072.csv,test
172591.csv,test
175285.csv,test
247939.csv,test
259488.csv,test
217901.csv,test
260584.csv,test
191659.csv,test
163829.csv,test
220591.csv,test
211755.csv,test
209395.csv,test
200751.csv,test
134358.csv,test
205058.csv,test
131874.csv,test
122991.csv,test
201811.csv,test
249238.csv,test
171676.csv,test
222352.csv,test
148362.csv,test
250232.csv,test
243597.csv,test
263497.csv,test
221096.csv,test
145038.csv,test
255154.csv,test
258498.csv,test
199486.csv,test
248251.csv,test
243397.csv,test
189810.csv,test
137605.csv,test
242377.csv,test
128284.csv,test
233610.csv,test
228262.csv,test
251748.csv,test
243091.csv,test
204027.csv,test
212588.csv,test
232719.csv,test
247180.csv,test
205536.csv,test
141864.csv,test
244963.csv,test
215612.csv,test
249116.csv,test
242790.csv,test
206812.csv,test
263984.csv,test
226056.csv,test
140199.csv,test
167564.csv,test
245421.csv,test
217612.csv,test
163385.csv,test
252135.csv,test
113765.csv,test
223964.csv,test
231915.csv,test
148046.csv,test
221754.csv,test
148255.csv,test
205878.csv,test
239737.csv,test
229644.csv,test
258376.csv,test
128654.csv,test
228999.csv,test
166352.csv,test
245170.csv,test
246199.csv,test
213601.csv,test
212794.csv,test
250429.csv,test
263667.csv,test
254876.csv,test
204254.csv,test
131074.csv,test
217745.csv,test
189352.csv,test
213048.csv,test
237373.csv,test
190537.csv,test
249543.csv,test
177583.csv,test
204797.csv,test
223742.csv,test
212255.csv,test
233886.csv,test
234979.csv,test
205964.csv,test
207851.csv,test
227904.csv,test
233233.csv,test
222685.csv,test
164974.csv,test
228411.csv,test
245868.csv,test
238457.csv,test
239361.csv,test
201638.csv,test
252499.csv,test
198700.csv,test
105295.csv,test
196403.csv,test
230215.csv,test
207079.csv,test
218311.csv,test
258966.csv,test
138061.csv,test
160958.csv,test
255089.csv,test
230262.csv,test
240693.csv,test
178034.csv,test
213106.csv,test
163526.csv,test
234912.csv,test
223953.csv,test
191574.csv,test
226505.csv,test
227739.csv,test
218387.csv,test
197439.csv,test
250475.csv,test
230311.csv,test
200483.csv,test
251524.csv,test
229207.csv,test
167241.csv,test
244840.csv,test
154716.csv,test
224754.csv,test
152935.csv,test
263882.csv,test
145813.csv,test
217307.csv,test
235078.csv,test
112920.csv,test
234861.csv,test
203356.csv,test
168861.csv,test
250909.csv,test
190630.csv,test
241698.csv,test
243300.csv,test
122876.csv,test
156257.csv,test
227944.csv,test
249617.csv,test
221507.csv,test
199603.csv,test
159009.csv,test
234624.csv,test
196397.csv,test
262206.csv,test
133366.csv,test
256745.csv,test
222072.csv,test
243002.csv,test
229217.csv,test
256384.csv,test
242748.csv,test
209906.csv,test
231135.csv,test
177358.csv,test
134044.csv,test
218088.csv,test
224829.csv,test
233786.csv,test
245687.csv,test
104530.csv,test
230846.csv,test
216678.csv,test
154183.csv,test
204960.csv,test
193438.csv,test
203793.csv,test
144300.csv,test
223686.csv,test
128560.csv,test
234750.csv,test
256778.csv,test
216190.csv,test
246090.csv,test
199630.csv,test
229005.csv,test
249183.csv,test
217871.csv,test
205637.csv,test
169817.csv,test
149766.csv,test
246790.csv,test
204684.csv,test
206129.csv,test
217331.csv,test
208178.csv,test
226088.csv,test
145246.csv,test
258274.csv,test
243686.csv,test
221272.csv,test
239132.csv,test
175602.csv,test
93894.csv,test
222101.csv,test
245132.csv,test
231175.csv,test
226141.csv,test
174095.csv,test
256353.csv,test
257017.csv,test
259828.csv,test
237998.csv,test
196764.csv,test
246949.csv,test
257205.csv,test
116295.csv,test
239371.csv,test
237874.csv,test
247178.csv,test
263794.csv,test
145285.csv,test
120591.csv,test
193122.csv,test
93188.csv,test
259165.csv,test
253620.csv,test
220816.csv,test
261881.csv,test
240532.csv,test
141940.csv,test
221478.csv,test
228761.csv,test
233417.csv,test
229435.csv,test
197295.csv,test
216501.csv,test
249781.csv,test
202444.csv,test
248725.csv,test
225957.csv,test
157342.csv,test
221632.csv,test
199698.csv,test
237086.csv,test
255337.csv,test
262839.csv,test
202931.csv,test
171424.csv,test
135048.csv,test
265166.csv,test
162968.csv,test
196135.csv,test
165082.csv,test
244835.csv,test
187168.csv,test
234065.csv,test
153735.csv,test
260676.csv,test
180549.csv,test
245988.csv,test
239709.csv,test
242963.csv,test
195861.csv,test
189303.csv,test
248581.csv,test
138638.csv,test
223623.csv,test
250153.csv,test
198695.csv,test
250631.csv,test
199615.csv,test
188733.csv,test
125590.csv,test
200397.csv,test
226087.csv,test
240167.csv,test
248807.csv,test
258126.csv,test
217358.csv,test
105331.csv,test
168452.csv,test
140224.csv,test
234988.csv,test
173672.csv,test
190754.csv,test
168578.csv,test
142233.csv,test
245909.csv,test
195876.csv,test
184810.csv,test
243011.csv,test
184063.csv,test
256962.csv,test
147868.csv,test
254381.csv,test
241784.csv,test
135150.csv,test
242636.csv,test
237048.csv,test
202602.csv,test
220358.csv,test
239543.csv,test
201407.csv,test
222204.csv,test
223196.csv,test
260309.csv,test
231553.csv,test
187322.csv,test
242448.csv,test
240385.csv,test
241475.csv,test
218445.csv,test
257190.csv,test
235652.csv,test
154941.csv,test
192587.csv,test
143434.csv,test
261068.csv,test
236300.csv,test
165277.csv,test
166189.csv,test
133838.csv,test
248471.csv,test
243269.csv,test
238133.csv,test
140006.csv,test
228574.csv,test
216227.csv,test
136516.csv,test
153281.csv,test
227129.csv,test
193450.csv,test
133300.csv,test
176523.csv,test
207254.csv,test
221789.csv,test
227321.csv,test
226049.csv,test
198946.csv,test
237671.csv,test
112477.csv,test
149010.csv,test
228500.csv,test
255838.csv,test
243948.csv,test
259765.csv,test
249530.csv,test
200539.csv,test
235213.csv,test
134085.csv,test
131729.csv,test
197498.csv,test
157811.csv,test
260083.csv,test
250790.csv,test
113070.csv,test
202207.csv,test
175135.csv,test
209822.csv,test
187743.csv,test
201253.csv,test
179278.csv,test
148369.csv,test
198734.csv,test
240440.csv,test
231777.csv,test
256767.csv,test
239695.csv,test
252340.csv,test
197828.csv,test
227882.csv,test
254188.csv,test
185689.csv,test
178233.csv,test
176794.csv,test
248870.csv,test
256903.csv,test
232952.csv,test
254695.csv,test
155403.csv,test
203890.csv,test
178631.csv,test
252068.csv,test
155959.csv,test
188464.csv,test
193275.csv,test
202801.csv,test
197023.csv,test
223612.csv,test
250147.csv,test
208692.csv,test
205765.csv,test
234809.csv,test
255050.csv,test
219848.csv,test
207647.csv,test
232433.csv,test
235219.csv,test
226600.csv,test
210945.csv,test
238662.csv,test
246227.csv,test
202724.csv,test
191468.csv,test
249045.csv,test
216728.csv,test
186597.csv,test
200896.csv,test
145737.csv,test
114651.csv,test
222883.csv,test
228487.csv,test
251088.csv,test
244651.csv,test
226930.csv,test
248917.csv,test
190844.csv,test
256556.csv,test
235417.csv,test
262147.csv,test
261849.csv,test
251914.csv,test
190994.csv,test
143564.csv,test
178123.csv,test
231023.csv,test
111725.csv,test
235459.csv,test
197762.csv,test
249952.csv,test
240389.csv,test
198217.csv,test
207219.csv,test
194558.csv,test
209017.csv,test
184965.csv,test
228230.csv,test
175714.csv,test
205143.csv,test
228816.csv,test
122746.csv,test
206504.csv,test
263132.csv,test
246599.csv,test
241829.csv,test
237206.csv,test
225299.csv,test
255481.csv,test
191604.csv,test
223236.csv,test
198076.csv,test
143869.csv,test
192018.csv,test
204843.csv,test
196547.csv,test
240074.csv,test
253198.csv,test
221243.csv,test
225330.csv,test
227818.csv,test
258185.csv,test
233166.csv,test
242271.csv,test
196876.csv,test
245052.csv,test
231448.csv,test
253541.csv,test
174315.csv,test
221231.csv,test
166897.csv,test
250682.csv,test
224415.csv,test
243752.csv,test
209968.csv,test
221017.csv,test
150058.csv,test
228440.csv,test
219027.csv,test
112615.csv,test
207306.csv,test
244828.csv,test
230021.csv,test
137755.csv,test
211146.csv,test
246015.csv,test
220241.csv,test
232652.csv,test
208066.csv,test
130321.csv,test
259093.csv,test
236667.csv,test
156112.csv,test
240753.csv,test
248240.csv,test
202122.csv,test
257925.csv,test
249508.csv,test
148873.csv,test
191372.csv,test
243146.csv,test
248920.csv,test
240019.csv,test
140567.csv,test
180844.csv,test
251375.csv,test
215487.csv,test
211852.csv,test
261131.csv,test
237956.csv,test
203525.csv,test
120424.csv,test
238310.csv,test
262399.csv,test
203385.csv,test
170774.csv,test
258561.csv,test
264496.csv,test
260790.csv,test
262913.csv,test
241551.csv,test
241449.csv,test
172170.csv,test
210879.csv,test
257378.csv,test
194156.csv,test
249757.csv,test
225385.csv,test
185922.csv,test
236461.csv,test
153446.csv,test
246727.csv,test
226639.csv,test
157782.csv,test
190521.csv,test
166510.csv,test
242656.csv,test
116172.csv,test
181192.csv,test
192417.csv,test
124326.csv,test
256033.csv,test
130147.csv,test
245149.csv,test
258893.csv,test
137648.csv,test
244988.csv,test
187036.csv,test
208453.csv,test
133499.csv,test
264211.csv,test
255354.csv,test
115650.csv,test
226119.csv,test
142372.csv,test
193412.csv,test
219274.csv,test
255710.csv,test
198010.csv,test
259968.csv,test
256829.csv,test
206718.csv,test
205377.csv,test
223674.csv,test
184894.csv,test
205402.csv,test
261140.csv,test
194847.csv,test
132947.csv,test
175656.csv,test
224778.csv,test
160663.csv,test
220289.csv,test
244414.csv,test
143116.csv,test
121331.csv,test
246131.csv,test
236496.csv,test
240005.csv,test
215067.csv,test
121146.csv,test
265144.csv,test
242731.csv,test
158077.csv,test
225757.csv,test
171221.csv,test
252307.csv,test
216716.csv,test
247670.csv,test
246685.csv,test
206487.csv,test
214148.csv,test
122992.csv,test
263201.csv,test
221271.csv,test
197374.csv,test
186068.csv,test
228292.csv,test
186291.csv,test
241098.csv,test
234255.csv,test
253636.csv,test
255218.csv,test
233183.csv,test
218895.csv,test
214296.csv,test
255918.csv,test
201644.csv,test
208679.csv,test
107560.csv,test
227026.csv,test
212670.csv,test
237954.csv,test
257278.csv,test
115798.csv,test
249348.csv,test
238953.csv,test
257698.csv,test
214215.csv,test
219030.csv,test
183740.csv,test
135498.csv,test
218418.csv,test
225584.csv,test
233801.csv,test
205783.csv,test
217249.csv,test
218309.csv,test
136078.csv,test
185334.csv,test
250548.csv,test
166864.csv,test
249235.csv,test
213053.csv,test
188697.csv,test
165845.csv,test
162000.csv,test
142006.csv,test
233451.csv,test
204473.csv,test
206448.csv,test
197217.csv,test
189744.csv,test
199175.csv,test
251270.csv,test
141082.csv,test
221707.csv,test
197530.csv,test
190628.csv,test
243083.csv,test
227935.csv,test
231420.csv,test
258543.csv,test
264006.csv,test
197917.csv,test
243933.csv,test
192414.csv,test
255623.csv,test
194699.csv,test
223149.csv,test
226767.csv,test
254784.csv,test
169043.csv,test
222631.csv,test
234504.csv,test
220059.csv,test
229906.csv,test
251817.csv,test
241985.csv,test
222162.csv,test
263946.csv,test
204122.csv,test
240338.csv,test
235773.csv,test
232480.csv,test
246534.csv,test
225285.csv,test
159934.csv,test
223898.csv,test
156236.csv,test
192843.csv,test
235578.csv,test
132939.csv,test
225280.csv,test
231097.csv,test
249389.csv,test
174235.csv,test
185996.csv,test
219772.csv,test
258604.csv,test
150518.csv,test
257715.csv,test
255543.csv,test
107096.csv,test
248623.csv,test
245512.csv,test
164494.csv,test
191610.csv,test
216007.csv,test
228822.csv,test
213167.csv,test
249420.csv,test
251723.csv,test
179358.csv,test
237938.csv,test
243284.csv,test
218265.csv,test
223757.csv,test
139569.csv,test
257573.csv,test
241899.csv,test
226815.csv,test
191796.csv,test
131913.csv,test
119441.csv,test
164383.csv,test
181084.csv,test
187153.csv,test
203322.csv,test
247008.csv,test
189844.csv,test
255559.csv,test
145856.csv,test
206365.csv,test
242506.csv,test
243541.csv,test
246212.csv,test
230927.csv,test
198850.csv,test
143377.csv,test
245792.csv,test
172541.csv,test
253786.csv,test
260540.csv,test
260370.csv,test
226599.csv,test
230550.csv,test
185304.csv,test
247323.csv,test
222088.csv,test
222017.csv,test
225362.csv,test
204841.csv,test
245420.csv,test
241493.csv,test
238460.csv,test
259503.csv,test
220500.csv,test
184697.csv,test
199384.csv,test
202434.csv,test
103845.csv,test
234512.csv,test
217000.csv,test
202075.csv,test
237083.csv,test
242236.csv,test
173751.csv,test
255264.csv,test
247500.csv,test
212498.csv,test
246291.csv,test
219066.csv,test
178332.csv,test
157958.csv,test
235303.csv,test
201185.csv,test
249526.csv,test
216491.csv,test
205293.csv,test
217336.csv,test
246484.csv,test
203158.csv,test
230142.csv,test
201955.csv,test
251876.csv,test
157404.csv,test
262343.csv,test
203752.csv,test
242787.csv,test
205698.csv,test
246244.csv,test
138101.csv,test
220693.csv,test
210240.csv,test
180304.csv,test
246814.csv,test
253950.csv,test
254575.csv,test
251843.csv,test
248509.csv,test
233209.csv,test
231274.csv,test
104689.csv,test
221293.csv,test
250826.csv,test
131198.csv,test
193861.csv,test
177926.csv,test
238060.csv,test
213369.csv,test
154144.csv,test
230570.csv,test
241473.csv,test
221358.csv,test
203732.csv,test
259554.csv,test
252820.csv,test
207901.csv,test
221145.csv,test
240427.csv,test
150948.csv,test
129423.csv,test
196092.csv,test
238518.csv,test
174841.csv,test
195005.csv,test
154044.csv,test
121707.csv,test
205796.csv,test
265993.csv,test
247707.csv,test
216049.csv,test
230371.csv,test
244297.csv,test
208598.csv,test
198148.csv,test
258039.csv,test
137899.csv,test
198054.csv,test
205511.csv,test
215798.csv,test
178866.csv,test
245874.csv,test
118606.csv,test
186817.csv,test
187744.csv,test
260449.csv,test
202588.csv,test
208399.csv,test
224484.csv,test
181264.csv,test
186730.csv,test
226168.csv,test
129492.csv,test
213001.csv,test
150903.csv,test
249965.csv,test
259664.csv,test
169091.csv,test
264453.csv,test
192548.csv,test
253686.csv,test
246751.csv,test
261158.csv,test
217873.csv,test
259064.csv,test
205908.csv,test
253840.csv,test
175132.csv,test
119571.csv,test
217929.csv,test
174497.csv,test
260927.csv,test
170438.csv,test
190252.csv,test
167594.csv,test
255396.csv,test
242592.csv,test
263211.csv,test
235888.csv,test
258756.csv,test
208896.csv,test
149135.csv,test
246485.csv,test
192877.csv,test
247965.csv,test
184681.csv,test
209309.csv,test
129965.csv,test
260544.csv,test
210275.csv,test
202998.csv,test
130461.csv,test
157991.csv,test
220483.csv,test
164818.csv,test
235109.csv,test
238738.csv,test
210984.csv,test
128287.csv,test
234182.csv,test
165111.csv,test
248978.csv,test
140277.csv,test
264174.csv,test
111566.csv,test
236054.csv,test
220165.csv,test
250489.csv,test
234947.csv,test
222034.csv,test
254477.csv,test
170086.csv,test
195134.csv,test
243863.csv,test
158900.csv,test
257835.csv,test
206162.csv,test
105676.csv,test
131097.csv,test
197845.csv,test
263566.csv,test
243634.csv,test
145579.csv,test
133137.csv,test
193237.csv,test
228341.csv,test
229964.csv,test
195715.csv,test
243626.csv,test
248598.csv,test
182787.csv,test
207527.csv,test
251617.csv,test
184746.csv,test
241329.csv,test
198601.csv,test
197311.csv,test
168071.csv,test
264549.csv,test
254624.csv,test
150588.csv,test
154083.csv,test
93166.csv,test
160281.csv,test
149496.csv,test
246160.csv,test
201805.csv,test
235314.csv,test
246571.csv,test
109060.csv,test
232210.csv,test
245325.csv,test
93114.csv,test
241921.csv,test
202237.csv,test
250201.csv,test
233855.csv,test
221513.csv,test
168715.csv,test
199097.csv,test
211012.csv,test
191697.csv,test
137741.csv,test
208297.csv,test
159578.csv,test
263079.csv,test
229998.csv,test
185186.csv,test
233092.csv,test
139812.csv,test
148196.csv,test
236321.csv,test
242645.csv,test
224179.csv,test
111247.csv,test
139513.csv,test
255643.csv,test
203977.csv,test
224008.csv,test
201875.csv,test
244628.csv,test
263920.csv,test
158938.csv,test
215331.csv,test
196110.csv,test
190530.csv,test
203777.csv,test
251487.csv,test
246742.csv,test
183003.csv,test
194943.csv,test
204004.csv,test
231569.csv,test
236606.csv,test
238931.csv,test
245627.csv,test
218942.csv,test
142415.csv,test
242518.csv,test
129910.csv,test
240249.csv,test
238338.csv,test
192268.csv,test
237186.csv,test
155655.csv,test
216625.csv,test
189961.csv,test
247260.csv,test
137448.csv,test
240302.csv,test
137619.csv,test
176991.csv,test
141823.csv,test
230226.csv,test
134527.csv,test
168627.csv,test
232465.csv,test
229688.csv,test
226998.csv,test
238974.csv,test
132935.csv,test
134573.csv,test
203729.csv,test
255239.csv,test
135213.csv,test
233757.csv,test
253772.csv,test
238398.csv,test
134874.csv,test
185901.csv,test
201322.csv,test
177906.csv,test
167673.csv,test
228125.csv,test
251725.csv,test
246044.csv,test
235451.csv,test
259174.csv,test
253135.csv,test
249445.csv,test
219477.csv,test
199123.csv,test
223696.csv,test
259411.csv,test
259238.csv,test
196043.csv,test
214334.csv,test
104840.csv,test
212491.csv,test
171076.csv,test
134900.csv,test
216284.csv,test
185310.csv,test
227630.csv,test
228017.csv,test
217031.csv,test
171563.csv,test
190200.csv,test
255928.csv,test
145816.csv,test
113316.csv,test
233511.csv,test
245181.csv,test
133092.csv,test
147468.csv,test
234782.csv,test
261828.csv,test
222240.csv,test
140304.csv,test
192937.csv,test
224944.csv,test
198052.csv,test
176237.csv,test
97868.csv,test
162584.csv,test
222972.csv,test
232971.csv,test
177960.csv,test
178244.csv,test
192778.csv,test
151152.csv,test
260987.csv,test
206992.csv,test
252763.csv,test
216514.csv,test
135194.csv,test
147590.csv,test
244700.csv,test
245306.csv,test
247076.csv,test
134003.csv,test
252881.csv,test
225695.csv,test
217796.csv,test
219541.csv,test
208948.csv,test
220672.csv,test
245804.csv,test
147291.csv,test
146352.csv,test
178000.csv,test
217113.csv,test
261772.csv,test
226577.csv,test
259366.csv,test
191435.csv,test
226553.csv,test
237994.csv,test
237283.csv,test
252217.csv,test
159506.csv,test
233338.csv,test
185378.csv,test
228011.csv,test
246693.csv,test
198044.csv,test
190445.csv,test
230810.csv,test
138444.csv,test
205735.csv,test
124801.csv,test
137135.csv,test
188119.csv,test
134959.csv,test
243392.csv,test
250761.csv,test
138578.csv,test
108275.csv,test
186228.csv,test
239523.csv,test
188344.csv,test
235262.csv,test
239514.csv,test
116582.csv,test
206765.csv,test
136057.csv,test
187162.csv,test
192508.csv,test
156111.csv,test
223330.csv,test
231069.csv,test
221503.csv,test
211583.csv,test
94272.csv,test
246891.csv,test
215889.csv,test
203508.csv,test
251227.csv,test
181981.csv,test
248846.csv,test
253057.csv,test
256224.csv,test
233346.csv,test
184920.csv,test
219507.csv,test
241492.csv,test
232086.csv,test
196022.csv,test
171228.csv,test
234715.csv,test
226847.csv,test
245853.csv,test
158264.csv,test
157699.csv,test
257304.csv,test
232648.csv,test
256781.csv,test
137862.csv,test
262771.csv,test
228058.csv,test
253326.csv,test
143569.csv,test
141462.csv,test
236850.csv,test
190919.csv,test
134794.csv,test
190673.csv,test
202929.csv,test
261682.csv,test
210029.csv,test
152292.csv,test
115752.csv,test
228344.csv,test
205043.csv,test
240629.csv,test
103988.csv,test
232367.csv,test
258648.csv,test
233357.csv,test
170084.csv,test
256930.csv,test
211644.csv,test
264638.csv,test
181017.csv,test
241703.csv,test
264305.csv,test
244025.csv,test
201617.csv,test
242997.csv,test
150479.csv,test
230205.csv,test
174861.csv,test
256879.csv,test
229440.csv,test
195626.csv,test
251865.csv,test
252119.csv,test
105579.csv,test
223597.csv,test
168832.csv,test
221176.csv,test
200762.csv,test
152213.csv,test
207163.csv,test
244237.csv,test
257580.csv,test
196377.csv,test
255541.csv,test
233040.csv,test
247935.csv,test
153510.csv,test
252002.csv,test
247790.csv,test
112166.csv,test
235210.csv,test
193290.csv,test
232236.csv,test
225866.csv,test
240376.csv,test
212846.csv,test
213265.csv,test
135831.csv,test
240418.csv,test
219379.csv,test
247804.csv,test
260271.csv,test
169448.csv,test
243167.csv,test
166876.csv,test
151283.csv,test
132141.csv,test
256308.csv,test
145165.csv,test
228714.csv,test
230395.csv,test
161970.csv,test
186054.csv,test
209938.csv,test
215957.csv,test
238909.csv,test
220243.csv,test
239028.csv,test
255165.csv,test
195421.csv,test
233299.csv,test
236094.csv,test
254928.csv,test
192305.csv,test
162313.csv,test
195972.csv,test
163059.csv,test
224258.csv,test
244426.csv,test
215302.csv,test
229281.csv,test
245465.csv,test
185076.csv,test
203800.csv,test
251677.csv,test
236831.csv,test
184806.csv,test
136754.csv,test
196484.csv,test
216303.csv,test
203878.csv,test
261492.csv,test
125273.csv,test
263572.csv,test
188129.csv,test
134340.csv,test
258318.csv,test
257547.csv,test
205056.csv,test
248263.csv,test
186123.csv,test
235533.csv,test
248663.csv,test
244127.csv,test
196845.csv,test
212533.csv,test
224905.csv,test
170684.csv,test
191793.csv,test
252889.csv,test
232761.csv,test
172836.csv,test
243699.csv,test
241740.csv,test
138743.csv,test
244865.csv,test
248134.csv,test
250078.csv,test
196395.csv,test
246791.csv,test
184607.csv,test
209076.csv,test
211078.csv,test
170487.csv,test
210302.csv,test
265160.csv,test
243756.csv,test
223573.csv,test
197986.csv,test
212596.csv,test
148609.csv,test
189234.csv,test
141735.csv,test
199919.csv,test
257972.csv,test
187836.csv,test
245990.csv,test
131797.csv,test
137938.csv,test
250326.csv,test
178543.csv,test
238188.csv,test
209898.csv,test
242451.csv,test
243240.csv,test
264492.csv,test
200743.csv,test
234996.csv,test
141469.csv,test
212450.csv,test
157502.csv,test
232969.csv,test
224376.csv,test
252995.csv,test
131033.csv,test
261731.csv,test
195852.csv,test
241161.csv,test
207669.csv,test
209471.csv,test
147227.csv,test
212567.csv,test
145666.csv,test
148940.csv,test
206539.csv,test
257052.csv,test
185499.csv,test
168077.csv,test
197979.csv,test
207167.csv,test
219432.csv,test
249609.csv,test
169338.csv,test
261578.csv,test
256614.csv,test
108000.csv,test
261921.csv,test
198007.csv,test
239644.csv,test
223064.csv,test
186282.csv,test
218971.csv,test
234106.csv,test
249981.csv,test
244964.csv,test
251464.csv,test
180938.csv,test
236078.csv,test
120765.csv,test
240969.csv,test
229962.csv,test
189015.csv,test
185983.csv,test
145997.csv,test
123644.csv,test
125024.csv,test
219324.csv,test
239762.csv,test
143946.csv,test
234158.csv,test
254429.csv,test
247441.csv,test
148968.csv,test
253834.csv,test
162306.csv,test
186897.csv,test
191811.csv,test
197567.csv,test
254503.csv,test
119852.csv,test
152077.csv,test
244055.csv,test
